year,basin_index,class_id,count
1910,0,1,217
1910,0,3,76
1910,0,4,8193
1910,0,5,2543
1910,1,1,37
1910,1,4,1882
1910,1,5,2529
1910,2,1,59
1910,2,3,8
1910,2,4,5524
1910,2,5,686
1910,3,1,4
1910,3,3,1
1910,3,4,75
1910,3,5,3
1910,4,1,54
1910,4,3,126
1910,4,4,3381
1910,4,5,1510
1910,5,1,150
1910,5,3,2
1910,5,4,1166
1910,5,5,400
1910,6,1,122
1910,6,3,2
1910,6,4,1161
1910,6,5,1885
1910,7,1,23
1910,7,3,3
1910,7,4,2558
1910,7,5,746
1910,8,1,39
1910,8,3,44
1910,8,4,1100
1910,8,5,130
1910,9,1,160
1910,9,3,10
1910,9,4,6878
1910,9,5,1193
1910,10,1,43
1910,10,3,15
1910,10,4,5075
1910,10,5,1231
1910,11,4,2070
1910,11,5,329
1910,12,1,19
1910,12,3,9
1910,12,4,4046
1910,12,5,768
1910,13,1,6
1910,13,3,24
1910,13,4,7047
1910,13,5,1136
1910,14,3,1
1910,14,4,961
1910,14,5,25
1910,15,4,2198
1910,15,5,143
1910,16,1,3
1910,16,3,1
1910,16,4,383
1910,16,5,87
1910,17,1,42
1910,17,3,29
1910,17,4,6327
1910,17,5,802
1910,18,1,4
1910,18,3,2
1910,18,4,1593
1910,18,5,577
1911,0,1,217
1911,0,3,73
1911,0,4,8201
1911,0,5,2550
1911,1,1,37
1911,1,4,1878
1911,1,5,2543
1911,2,1,59
1911,2,3,7
1911,2,4,5519
1911,2,5,697
1911,3,1,4
1911,3,3,1
1911,3,4,75
1911,3,5,3
1911,4,1,54
1911,4,3,129
1911,4,4,3356
1911,4,5,1503
1911,5,1,150
1911,5,3,2
1911,5,4,1163
1911,5,5,404
1911,6,1,122
1911,6,3,2
1911,6,4,1148
1911,6,5,1891
1911,7,1,23
1911,7,3,3
1911,7,4,2551
1911,7,5,759
1911,8,1,39
1911,8,3,38
1911,8,4,1095
1911,8,5,134
1911,9,1,160
1911,9,3,10
1911,9,4,6884
1911,9,5,1200
1911,10,1,43
1911,10,3,15
1911,10,4,5059
1911,10,5,1232
1911,11,4,2077
1911,11,5,330
1911,12,1,19
1911,12,3,10
1911,12,4,4060
1911,12,5,771
1911,13,1,6
1911,13,3,33
1911,13,4,7039
1911,13,5,1138
1911,14,3,1
1911,14,4,962
1911,14,5,25
1911,15,4,2200
1911,15,5,146
1911,16,1,3
1911,16,3,1
1911,16,4,387
1911,16,5,79
1911,17,1,42
1911,17,3,28
1911,17,4,6333
1911,17,5,810
1911,18,1,4
1911,18,3,2
1911,18,4,1605
1911,18,5,577
1912,0,1,217
1912,0,3,76
1912,0,4,8209
1912,0,5,2560
1912,1,1,37
1912,1,4,1868
1912,1,5,2556
1912,2,1,59
1912,2,3,8
1912,2,4,5528
1912,2,5,698
1912,3,1,4
1912,3,3,1
1912,3,4,75
1912,3,5,3
1912,4,1,54
1912,4,3,126
1912,4,4,3354
1912,4,5,1518
1912,5,1,150
1912,5,3,2
1912,5,4,1163
1912,5,5,405
1912,6,1,122
1912,6,3,2
1912,6,4,1147
1912,6,5,1903
1912,7,1,23
1912,7,3,3
1912,7,4,2566
1912,7,5,762
1912,8,1,39
1912,8,3,44
1912,8,4,1100
1912,8,5,134
1912,9,1,160
1912,9,3,10
1912,9,4,6868
1912,9,5,1212
1912,10,1,43
1912,10,3,15
1912,10,4,5076
1912,10,5,1240
1912,11,4,2074
1912,11,5,331
1912,12,1,19
1912,12,3,10
1912,12,4,4057
1912,12,5,779
1912,13,1,6
1912,13,3,24
1912,13,4,7041
1912,13,5,1149
1912,14,3,1
1912,14,4,963
1912,14,5,24
1912,15,4,2202
1912,15,5,145
1912,16,1,3
1912,16,3,1
1912,16,4,385
1912,16,5,85
1912,17,1,42
1912,17,3,27
1912,17,4,6338
1912,17,5,815
1912,18,1,4
1912,18,3,2
1912,18,4,1605
1912,18,5,583
1913,0,1,217
1913,0,3,72
1913,0,4,8209
1913,0,5,2587
1913,1,1,37
1913,1,4,1872
1913,1,5,2555
1913,2,1,59
1913,2,3,7
1913,2,4,5518
1913,2,5,703
1913,3,1,4
1913,3,3,1
1913,3,4,76
1913,3,5,3
1913,4,1,54
1913,4,3,127
1913,4,4,3358
1913,4,5,1528
1913,5,1,150
1913,5,3,2
1913,5,4,1160
1913,5,5,409
1913,6,1,122
1913,6,3,2
1913,6,4,1149
1913,6,5,1910
1913,7,1,23
1913,7,3,3
1913,7,4,2551
1913,7,5,766
1913,8,1,39
1913,8,3,38
1913,8,4,1096
1913,8,5,134
1913,9,1,160
1913,9,3,10
1913,9,4,6889
1913,9,5,1208
1913,10,1,43
1913,10,3,15
1913,10,4,5071
1913,10,5,1255
1913,11,4,2089
1913,11,5,328
1913,12,1,19
1913,12,3,10
1913,12,4,4055
1913,12,5,783
1913,13,1,6
1913,13,3,31
1913,13,4,7037
1913,13,5,1148
1913,14,3,1
1913,14,4,971
1913,14,5,24
1913,15,4,2202
1913,15,5,145
1913,16,1,3
1913,16,3,1
1913,16,4,383
1913,16,5,89
1913,17,1,42
1913,17,3,28
1913,17,4,6329
1913,17,5,824
1913,18,1,4
1913,18,3,2
1913,18,4,1605
1913,18,5,588
1914,0,1,217
1914,0,3,73
1914,0,4,8232
1914,0,5,2601
1914,1,1,37
1914,1,4,1857
1914,1,5,2556
1914,2,1,59
1914,2,3,8
1914,2,4,5534
1914,2,5,704
1914,3,1,4
1914,3,3,1
1914,3,4,76
1914,3,5,3
1914,4,1,54
1914,4,3,128
1914,4,4,3340
1914,4,5,1544
1914,5,1,150
1914,5,3,2
1914,5,4,1162
1914,5,5,407
1914,6,1,122
1914,6,3,2
1914,6,4,1142
1914,6,5,1927
1914,7,1,23
1914,7,3,3
1914,7,4,2561
1914,7,5,769
1914,8,1,39
1914,8,3,44
1914,8,4,1098
1914,8,5,134
1914,9,1,160
1914,9,3,10
1914,9,4,6885
1914,9,5,1215
1914,10,1,43
1914,10,3,15
1914,10,4,5069
1914,10,5,1265
1914,11,4,2079
1914,11,5,333
1914,12,1,19
1914,12,3,10
1914,12,4,4062
1914,12,5,787
1914,13,1,6
1914,13,3,25
1914,13,4,7046
1914,13,5,1145
1914,14,3,1
1914,14,4,963
1914,14,5,23
1914,15,4,2199
1914,15,5,148
1914,16,1,3
1914,16,3,1
1914,16,4,383
1914,16,5,89
1914,17,1,42
1914,17,3,27
1914,17,4,6334
1914,17,5,826
1914,18,1,4
1914,18,3,2
1914,18,4,1586
1914,18,5,600
1915,0,1,217
1915,0,3,70
1915,0,4,8219
1915,0,5,2604
1915,1,1,37
1915,1,4,1869
1915,1,5,2549
1915,2,1,59
1915,2,3,7
1915,2,4,5522
1915,2,5,711
1915,3,1,4
1915,3,3,1
1915,3,4,75
1915,3,5,3
1915,4,1,54
1915,4,3,129
1915,4,4,3328
1915,4,5,1546
1915,5,1,150
1915,5,3,2
1915,5,4,1161
1915,5,5,408
1915,6,1,122
1915,6,3,2
1915,6,4,1136
1915,6,5,1937
1915,7,1,23
1915,7,3,3
1915,7,4,2558
1915,7,5,775
1915,8,1,39
1915,8,3,38
1915,8,4,1094
1915,8,5,134
1915,9,1,160
1915,9,3,10
1915,9,4,6907
1915,9,5,1208
1915,10,1,43
1915,10,3,15
1915,10,4,5072
1915,10,5,1272
1915,11,4,2088
1915,11,5,334
1915,12,1,19
1915,12,3,10
1915,12,4,4078
1915,12,5,775
1915,13,1,6
1915,13,3,31
1915,13,4,7028
1915,13,5,1155
1915,14,3,1
1915,14,4,968
1915,14,5,25
1915,15,4,2204
1915,15,5,145
1915,16,1,3
1915,16,3,1
1915,16,4,383
1915,16,5,89
1915,17,1,42
1915,17,3,28
1915,17,4,6326
1915,17,5,832
1915,18,1,4
1915,18,3,2
1915,18,4,1605
1915,18,5,598
1916,0,1,217
1916,0,3,70
1916,0,4,8227
1916,0,5,2605
1916,1,1,37
1916,1,4,1841
1916,1,5,2566
1916,2,1,59
1916,2,3,8
1916,2,4,5535
1916,2,5,714
1916,3,1,4
1916,3,3,1
1916,3,4,75
1916,3,5,3
1916,4,1,54
1916,4,3,128
1916,4,4,3334
1916,4,5,1546
1916,5,1,150
1916,5,3,2
1916,5,4,1159
1916,5,5,412
1916,6,1,122
1916,6,3,2
1916,6,4,1133
1916,6,5,1934
1916,7,1,23
1916,7,3,3
1916,7,4,2585
1916,7,5,771
1916,8,1,39
1916,8,3,44
1916,8,4,1100
1916,8,5,130
1916,9,1,160
1916,9,3,10
1916,9,4,6880
1916,9,5,1224
1916,10,1,43
1916,10,3,15
1916,10,4,5075
1916,10,5,1276
1916,11,4,2084
1916,11,5,339
1916,12,1,19
1916,12,3,10
1916,12,4,4062
1916,12,5,792
1916,13,1,6
1916,13,3,27
1916,13,4,7032
1916,13,5,1157
1916,14,3,1
1916,14,4,964
1916,14,5,25
1916,15,4,2198
1916,15,5,148
1916,16,1,3
1916,16,3,1
1916,16,4,383
1916,16,5,92
1916,17,1,42
1916,17,3,27
1916,17,4,6325
1916,17,5,833
1916,18,1,4
1916,18,3,2
1916,18,4,1594
1916,18,5,612
1917,0,1,217
1917,0,3,69
1917,0,4,8200
1917,0,5,2638
1917,1,1,37
1917,1,4,1868
1917,1,5,2557
1917,2,1,59
1917,2,3,7
1917,2,4,5526
1917,2,5,711
1917,3,1,4
1917,3,3,1
1917,3,4,75
1917,3,5,3
1917,4,1,54
1917,4,3,129
1917,4,4,3296
1917,4,5,1565
1917,5,1,150
1917,5,3,2
1917,5,4,1172
1917,5,5,411
1917,6,1,122
1917,6,3,2
1917,6,4,1126
1917,6,5,1959
1917,7,1,23
1917,7,3,3
1917,7,4,2565
1917,7,5,768
1917,8,1,39
1917,8,3,38
1917,8,4,1101
1917,8,5,133
1917,9,1,160
1917,9,3,10
1917,9,4,6894
1917,9,5,1234
1917,10,1,43
1917,10,3,15
1917,10,4,5077
1917,10,5,1262
1917,11,4,2096
1917,11,5,344
1917,12,1,19
1917,12,3,10
1917,12,4,4082
1917,12,5,776
1917,13,1,6
1917,13,3,33
1917,13,4,7032
1917,13,5,1151
1917,14,3,1
1917,14,4,969
1917,14,5,25
1917,15,4,2200
1917,15,5,148
1917,16,1,3
1917,16,3,1
1917,16,4,383
1917,16,5,92
1917,17,1,42
1917,17,3,28
1917,17,4,6322
1917,17,5,842
1917,18,1,4
1917,18,3,2
1917,18,4,1611
1917,18,5,602
1918,0,1,217
1918,0,3,70
1918,0,4,8202
1918,0,5,2629
1918,1,1,37
1918,1,4,1840
1918,1,5,2571
1918,2,1,59
1918,2,3,8
1918,2,4,5545
1918,2,5,709
1918,3,1,4
1918,3,3,1
1918,3,4,75
1918,3,5,3
1918,4,1,54
1918,4,3,126
1918,4,4,3315
1918,4,5,1561
1918,5,1,150
1918,5,3,2
1918,5,4,1156
1918,5,5,418
1918,6,1,122
1918,6,3,2
1918,6,4,1119
1918,6,5,1959
1918,7,1,23
1918,7,3,3
1918,7,4,2579
1918,7,5,773
1918,8,1,39
1918,8,3,44
1918,8,4,1099
1918,8,5,136
1918,9,1,160
1918,9,3,10
1918,9,4,6902
1918,9,5,1230
1918,10,1,43
1918,10,3,15
1918,10,4,5066
1918,10,5,1283
1918,11,4,2084
1918,11,5,344
1918,12,1,19
1918,12,3,10
1918,12,4,4091
1918,12,5,782
1918,13,1,6
1918,13,3,29
1918,13,4,7031
1918,13,5,1162
1918,14,3,1
1918,14,4,965
1918,14,5,25
1918,15,4,2199
1918,15,5,147
1918,16,1,3
1918,16,3,1
1918,16,4,383
1918,16,5,92
1918,17,1,42
1918,17,3,27
1918,17,4,6322
1918,17,5,840
1918,18,1,4
1918,18,3,2
1918,18,4,1592
1918,18,5,614
1919,0,1,217
1919,0,3,69
1919,0,4,8212
1919,0,5,2633
1919,1,1,37
1919,1,4,1853
1919,1,5,2565
1919,2,1,59
1919,2,3,7
1919,2,4,5528
1919,2,5,714
1919,3,1,4
1919,3,3,1
1919,3,4,75
1919,3,5,3
1919,4,1,54
1919,4,3,126
1919,4,4,3306
1919,4,5,1580
1919,5,1,150
1919,5,3,2
1919,5,4,1162
1919,5,5,417
1919,6,1,122
1919,6,3,2
1919,6,4,1119
1919,6,5,1960
1919,7,1,23
1919,7,3,3
1919,7,4,2562
1919,7,5,780
1919,8,1,39
1919,8,3,40
1919,8,4,1092
1919,8,5,135
1919,9,1,160
1919,9,3,10
1919,9,4,6897
1919,9,5,1252
1919,10,1,43
1919,10,3,15
1919,10,4,5077
1919,10,5,1288
1919,11,4,2097
1919,11,5,343
1919,12,1,19
1919,12,3,10
1919,12,4,4090
1919,12,5,789
1919,13,1,6
1919,13,3,31
1919,13,4,7031
1919,13,5,1155
1919,14,3,1
1919,14,4,969
1919,14,5,25
1919,15,4,2200
1919,15,5,145
1919,16,1,3
1919,16,3,1
1919,16,4,385
1919,16,5,91
1919,17,1,42
1919,17,3,28
1919,17,4,6320
1919,17,5,841
1919,18,1,4
1919,18,3,2
1919,18,4,1605
1919,18,5,606
1920,0,1,217
1920,0,3,68
1920,0,4,8169
1920,0,5,2660
1920,1,1,37
1920,1,4,1829
1920,1,5,2587
1920,2,1,59
1920,2,3,8
1920,2,4,5537
1920,2,5,720
1920,3,1,4
1920,3,3,1
1920,3,4,75
1920,3,5,3
1920,4,1,54
1920,4,3,124
1920,4,4,3299
1920,4,5,1571
1920,5,1,150
1920,5,3,2
1920,5,4,1165
1920,5,5,423
1920,6,1,122
1920,6,3,2
1920,6,4,1114
1920,6,5,1967
1920,7,1,23
1920,7,3,3
1920,7,4,2578
1920,7,5,777
1920,8,1,39
1920,8,3,46
1920,8,4,1096
1920,8,5,132
1920,9,1,160
1920,9,3,10
1920,9,4,6915
1920,9,5,1251
1920,10,1,43
1920,10,3,15
1920,10,4,5074
1920,10,5,1295
1920,11,4,2089
1920,11,5,338
1920,12,1,19
1920,12,3,10
1920,12,4,4076
1920,12,5,800
1920,13,1,6
1920,13,3,28
1920,13,4,7031
1920,13,5,1162
1920,14,3,1
1920,14,4,965
1920,14,5,25
1920,15,4,2199
1920,15,5,148
1920,16,1,3
1920,16,3,1
1920,16,4,384
1920,16,5,93
1920,17,1,42
1920,17,3,27
1920,17,4,6310
1920,17,5,850
1920,18,1,4
1920,18,3,2
1920,18,4,1600
1920,18,5,615
1921,0,1,217
1921,0,3,68
1921,0,4,8195
1921,0,5,2657
1921,1,1,37
1921,1,4,1825
1921,1,5,2586
1921,2,1,59
1921,2,3,7
1921,2,4,5523
1921,2,5,725
1921,3,1,4
1921,3,3,1
1921,3,4,75
1921,3,5,3
1921,4,1,54
1921,4,3,128
1921,4,4,3292
1921,4,5,1587
1921,5,1,150
1921,5,3,2
1921,5,4,1155
1921,5,5,424
1921,6,1,122
1921,6,3,2
1921,6,4,1102
1921,6,5,1973
1921,7,1,23
1921,7,3,3
1921,7,4,2564
1921,7,5,783
1921,8,1,39
1921,8,3,41
1921,8,4,1095
1921,8,5,136
1921,9,1,160
1921,9,3,10
1921,9,4,6911
1921,9,5,1254
1921,10,1,43
1921,10,3,15
1921,10,4,5065
1921,10,5,1297
1921,11,4,2095
1921,11,5,345
1921,12,1,19
1921,12,3,10
1921,12,4,4104
1921,12,5,798
1921,13,1,6
1921,13,3,32
1921,13,4,7019
1921,13,5,1170
1921,14,3,1
1921,14,4,970
1921,14,5,25
1921,15,4,2208
1921,15,5,140
1921,16,1,3
1921,16,3,1
1921,16,4,384
1921,16,5,93
1921,17,1,42
1921,17,3,28
1921,17,4,6313
1921,17,5,856
1921,18,1,4
1921,18,3,2
1921,18,4,1598
1921,18,5,618
1922,0,1,217
1922,0,3,65
1922,0,4,8157
1922,0,5,2678
1922,1,1,37
1922,1,4,1820
1922,1,5,2583
1922,2,1,59
1922,2,3,8
1922,2,4,5537
1922,2,5,722
1922,3,1,4
1922,3,3,1
1922,3,4,75
1922,3,5,3
1922,4,1,54
1922,4,3,126
1922,4,4,3277
1922,4,5,1601
1922,5,1,150
1922,5,3,2
1922,5,4,1150
1922,5,5,426
1922,6,1,122
1922,6,3,2
1922,6,4,1102
1922,6,5,1971
1922,7,1,23
1922,7,3,3
1922,7,4,2571
1922,7,5,778
1922,8,1,39
1922,8,3,46
1922,8,4,1095
1922,8,5,134
1922,9,1,160
1922,9,3,10
1922,9,4,6905
1922,9,5,1258
1922,10,1,43
1922,10,3,15
1922,10,4,5072
1922,10,5,1290
1922,11,4,2085
1922,11,5,343
1922,12,1,19
1922,12,3,10
1922,12,4,4094
1922,12,5,799
1922,13,1,6
1922,13,3,28
1922,13,4,7031
1922,13,5,1171
1922,14,3,1
1922,14,4,965
1922,14,5,25
1922,15,4,2196
1922,15,5,148
1922,16,1,3
1922,16,3,1
1922,16,4,384
1922,16,5,95
1922,17,1,42
1922,17,3,28
1922,17,4,6311
1922,17,5,848
1922,18,1,4
1922,18,3,2
1922,18,4,1588
1922,18,5,625
1923,0,1,217
1923,0,3,68
1923,0,4,8164
1923,0,5,2686
1923,1,1,37
1923,1,4,1813
1923,1,5,2590
1923,2,1,59
1923,2,3,7
1923,2,4,5522
1923,2,5,730
1923,3,1,4
1923,3,3,1
1923,3,4,75
1923,3,5,4
1923,4,1,54
1923,4,3,126
1923,4,4,3257
1923,4,5,1601
1923,5,1,150
1923,5,3,2
1923,5,4,1145
1923,5,5,432
1923,6,1,122
1923,6,3,2
1923,6,4,1104
1923,6,5,1975
1923,7,1,23
1923,7,3,3
1923,7,4,2563
1923,7,5,789
1923,8,1,39
1923,8,3,41
1923,8,4,1088
1923,8,5,138
1923,9,1,160
1923,9,3,10
1923,9,4,6897
1923,9,5,1265
1923,10,1,43
1923,10,3,15
1923,10,4,5063
1923,10,5,1291
1923,11,4,2098
1923,11,5,344
1923,12,1,19
1923,12,3,10
1923,12,4,4112
1923,12,5,800
1923,13,1,6
1923,13,3,34
1923,13,4,7018
1923,13,5,1173
1923,14,3,1
1923,14,4,969
1923,14,5,25
1923,15,4,2198
1923,15,5,150
1923,16,1,3
1923,16,3,1
1923,16,4,388
1923,16,5,91
1923,17,1,42
1923,17,3,29
1923,17,4,6306
1923,17,5,851
1923,18,1,4
1923,18,3,2
1923,18,4,1600
1923,18,5,616
1924,0,1,217
1924,0,3,69
1924,0,4,8154
1924,0,5,2685
1924,1,1,37
1924,1,4,1806
1924,1,5,2600
1924,2,1,59
1924,2,3,8
1924,2,4,5532
1924,2,5,727
1924,3,1,4
1924,3,3,1
1924,3,4,75
1924,3,5,4
1924,4,1,54
1924,4,3,122
1924,4,4,3243
1924,4,5,1606
1924,5,1,150
1924,5,3,2
1924,5,4,1138
1924,5,5,432
1924,6,1,122
1924,6,3,2
1924,6,4,1107
1924,6,5,1973
1924,7,1,23
1924,7,3,3
1924,7,4,2567
1924,7,5,789
1924,8,1,39
1924,8,3,47
1924,8,4,1092
1924,8,5,138
1924,9,1,160
1924,9,3,10
1924,9,4,6870
1924,9,5,1280
1924,10,1,43
1924,10,3,15
1924,10,4,5077
1924,10,5,1289
1924,11,4,2088
1924,11,5,347
1924,12,1,19
1924,12,3,10
1924,12,4,4090
1924,12,5,808
1924,13,1,6
1924,13,3,30
1924,13,4,7011
1924,13,5,1185
1924,14,3,1
1924,14,4,968
1924,14,5,24
1924,15,4,2198
1924,15,5,148
1924,16,1,3
1924,16,3,1
1924,16,4,385
1924,16,5,95
1924,17,1,42
1924,17,3,27
1924,17,4,6311
1924,17,5,859
1924,18,1,4
1924,18,3,2
1924,18,4,1598
1924,18,5,625
1925,0,1,217
1925,0,3,66
1925,0,4,8158
1925,0,5,2692
1925,1,1,37
1925,1,4,1810
1925,1,5,2595
1925,2,1,59
1925,2,3,7
1925,2,4,5525
1925,2,5,727
1925,3,1,4
1925,3,3,1
1925,3,4,75
1925,3,5,4
1925,4,1,54
1925,4,3,124
1925,4,4,3239
1925,4,5,1619
1925,5,1,150
1925,5,3,2
1925,5,4,1141
1925,5,5,434
1925,6,1,122
1925,6,3,2
1925,6,4,1110
1925,6,5,1970
1925,7,1,23
1925,7,3,3
1925,7,4,2555
1925,7,5,793
1925,8,1,39
1925,8,3,42
1925,8,4,1089
1925,8,5,138
1925,9,1,160
1925,9,3,10
1925,9,4,6880
1925,9,5,1281
1925,10,1,43
1925,10,3,15
1925,10,4,5071
1925,10,5,1303
1925,11,4,2100
1925,11,5,341
1925,12,1,19
1925,12,3,10
1925,12,4,4100
1925,12,5,814
1925,13,1,6
1925,13,3,34
1925,13,4,7011
1925,13,5,1183
1925,14,3,1
1925,14,4,973
1925,14,5,24
1925,15,4,2198
1925,15,5,148
1925,16,1,3
1925,16,3,1
1925,16,4,382
1925,16,5,98
1925,17,1,42
1925,17,3,28
1925,17,4,6303
1925,17,5,864
1925,18,1,4
1925,18,3,2
1925,18,4,1595
1925,18,5,625
1926,0,1,217
1926,0,3,64
1926,0,4,8160
1926,0,5,2696
1926,1,1,37
1926,1,4,1780
1926,1,5,2605
1926,2,1,59
1926,2,3,8
1926,2,4,5539
1926,2,5,724
1926,3,1,4
1926,3,3,1
1926,3,4,76
1926,3,5,4
1926,4,1,54
1926,4,3,126
1926,4,4,3226
1926,4,5,1622
1926,5,1,150
1926,5,3,2
1926,5,4,1139
1926,5,5,430
1926,6,1,122
1926,6,3,2
1926,6,4,1098
1926,6,5,1976
1926,7,1,23
1926,7,3,3
1926,7,4,2554
1926,7,5,794
1926,8,1,39
1926,8,3,47
1926,8,4,1090
1926,8,5,138
1926,9,1,160
1926,9,3,10
1926,9,4,6876
1926,9,5,1285
1926,10,1,43
1926,10,3,15
1926,10,4,5074
1926,10,5,1300
1926,11,4,2089
1926,11,5,346
1926,12,1,19
1926,12,3,10
1926,12,4,4096
1926,12,5,812
1926,13,1,6
1926,13,3,30
1926,13,4,7015
1926,13,5,1179
1926,14,3,1
1926,14,4,967
1926,14,5,23
1926,15,4,2191
1926,15,5,151
1926,16,1,3
1926,16,3,1
1926,16,4,382
1926,16,5,98
1926,17,1,42
1926,17,3,27
1926,17,4,6305
1926,17,5,867
1926,18,1,4
1926,18,3,2
1926,18,4,1583
1926,18,5,639
1927,0,1,217
1927,0,3,67
1927,0,4,8140
1927,0,5,2696
1927,1,1,37
1927,1,4,1794
1927,1,5,2592
1927,2,1,59
1927,2,3,7
1927,2,4,5526
1927,2,5,730
1927,3,1,4
1927,3,3,1
1927,3,4,75
1927,3,5,4
1927,4,1,54
1927,4,3,125
1927,4,4,3211
1927,4,5,1622
1927,5,1,150
1927,5,3,2
1927,5,4,1136
1927,5,5,433
1927,6,1,122
1927,6,3,2
1927,6,4,1095
1927,6,5,1978
1927,7,1,23
1927,7,3,3
1927,7,4,2551
1927,7,5,796
1927,8,1,39
1927,8,3,42
1927,8,4,1087
1927,8,5,140
1927,9,1,160
1927,9,3,10
1927,9,4,6879
1927,9,5,1286
1927,10,1,43
1927,10,3,15
1927,10,4,5065
1927,10,5,1313
1927,11,4,2094
1927,11,5,347
1927,12,1,19
1927,12,3,10
1927,12,4,4125
1927,12,5,802
1927,13,1,6
1927,13,3,32
1927,13,4,7000
1927,13,5,1191
1927,14,3,1
1927,14,4,972
1927,14,5,25
1927,15,4,2199
1927,15,5,148
1927,16,1,3
1927,16,3,1
1927,16,4,382
1927,16,5,99
1927,17,1,42
1927,17,3,28
1927,17,4,6296
1927,17,5,869
1927,18,1,4
1927,18,3,2
1927,18,4,1596
1927,18,5,630
1928,0,1,217
1928,0,3,67
1928,0,4,8148
1928,0,5,2696
1928,1,1,37
1928,1,4,1778
1928,1,5,2603
1928,2,1,59
1928,2,3,8
1928,2,4,5537
1928,2,5,732
1928,3,1,4
1928,3,3,1
1928,3,4,75
1928,3,5,4
1928,4,1,54
1928,4,3,123
1928,4,4,3223
1928,4,5,1622
1928,5,1,150
1928,5,3,2
1928,5,4,1132
1928,5,5,434
1928,6,1,122
1928,6,3,2
1928,6,4,1095
1928,6,5,1962
1928,7,1,23
1928,7,3,3
1928,7,4,2575
1928,7,5,793
1928,8,1,39
1928,8,3,47
1928,8,4,1091
1928,8,5,136
1928,9,1,160
1928,9,3,10
1928,9,4,6860
1928,9,5,1293
1928,10,1,43
1928,10,3,15
1928,10,4,5075
1928,10,5,1314
1928,11,4,2085
1928,11,5,347
1928,12,1,19
1928,12,3,10
1928,12,4,4100
1928,12,5,817
1928,13,1,6
1928,13,3,30
1928,13,4,7002
1928,13,5,1195
1928,14,3,1
1928,14,4,967
1928,14,5,25
1928,15,4,2193
1928,15,5,151
1928,16,1,3
1928,16,3,1
1928,16,4,382
1928,16,5,99
1928,17,1,42
1928,17,3,27
1928,17,4,6302
1928,17,5,867
1928,18,1,4
1928,18,3,2
1928,18,4,1588
1928,18,5,645
1929,0,1,217
1929,0,3,66
1929,0,4,8126
1929,0,5,2720
1929,1,1,37
1929,1,4,1806
1929,1,5,2594
1929,2,1,59
1929,2,3,7
1929,2,4,5531
1929,2,5,730
1929,3,1,4
1929,3,3,1
1929,3,4,75
1929,3,5,4
1929,4,1,54
1929,4,3,126
1929,4,4,3189
1929,4,5,1638
1929,5,1,150
1929,5,3,2
1929,5,4,1145
1929,5,5,430
1929,6,1,122
1929,6,3,2
1929,6,4,1093
1929,6,5,1981
1929,7,1,23
1929,7,3,3
1929,7,4,2550
1929,7,5,791
1929,8,1,39
1929,8,3,42
1929,8,4,1094
1929,8,5,138
1929,9,1,160
1929,9,3,10
1929,9,4,6871
1929,9,5,1297
1929,10,1,43
1929,10,3,15
1929,10,4,5072
1929,10,5,1298
1929,11,4,2094
1929,11,5,351
1929,12,1,19
1929,12,3,10
1929,12,4,4126
1929,12,5,807
1929,13,1,6
1929,13,3,34
1929,13,4,7000
1929,13,5,1186
1929,14,3,1
1929,14,4,973
1929,14,5,26
1929,15,4,2195
1929,15,5,151
1929,16,1,3
1929,16,3,1
1929,16,4,382
1929,16,5,99
1929,17,1,42
1929,17,3,28
1929,17,4,6294
1929,17,5,876
1929,18,1,4
1929,18,3,2
1929,18,4,1596
1929,18,5,638
1930,0,1,217
1930,0,3,66
1930,0,4,8139
1930,0,5,2709
1930,1,1,37
1930,1,4,1779
1930,1,5,2600
1930,2,1,59
1930,2,3,8
1930,2,4,5543
1930,2,5,734
1930,3,1,4
1930,3,3,1
1930,3,4,75
1930,3,5,4
1930,4,1,54
1930,4,3,128
1930,4,4,3195
1930,4,5,1634
1930,5,1,150
1930,5,3,2
1930,5,4,1129
1930,5,5,437
1930,6,1,122
1930,6,3,2
1930,6,4,1085
1930,6,5,1983
1930,7,1,23
1930,7,3,3
1930,7,4,2570
1930,7,5,791
1930,8,1,39
1930,8,3,47
1930,8,4,1085
1930,8,5,140
1930,9,1,160
1930,9,3,10
1930,9,4,6873
1930,9,5,1292
1930,10,1,43
1930,10,3,15
1930,10,4,5063
1930,10,5,1317
1930,11,4,2088
1930,11,5,351
1930,12,1,19
1930,12,3,10
1930,12,4,4126
1930,12,5,809
1930,13,1,6
1930,13,3,30
1930,13,4,6998
1930,13,5,1200
1930,14,3,1
1930,14,4,971
1930,14,5,26
1930,15,4,2195
1930,15,5,150
1930,16,1,3
1930,16,3,1
1930,16,4,382
1930,16,5,99
1930,17,1,42
1930,17,3,27
1930,17,4,6296
1930,17,5,873
1930,18,1,4
1930,18,3,2
1930,18,4,1580
1930,18,5,650
1931,0,1,217
1931,0,3,65
1931,0,4,8148
1931,0,5,2697
1931,1,1,37
1931,1,4,1777
1931,1,5,2599
1931,2,1,59
1931,2,3,7
1931,2,4,5527
1931,2,5,735
1931,3,1,4
1931,3,3,1
1931,3,4,75
1931,3,5,4
1931,4,1,54
1931,4,3,131
1931,4,4,3188
1931,4,5,1648
1931,5,1,150
1931,5,3,2
1931,5,4,1134
1931,5,5,434
1931,6,1,122
1931,6,3,2
1931,6,4,1097
1931,6,5,1981
1931,7,1,23
1931,7,3,3
1931,7,4,2552
1931,7,5,799
1931,8,1,39
1931,8,3,42
1931,8,4,1082
1931,8,5,139
1931,9,1,160
1931,9,3,10
1931,9,4,6871
1931,9,5,1307
1931,10,1,43
1931,10,3,15
1931,10,4,5065
1931,10,5,1318
1931,11,4,2094
1931,11,5,351
1931,12,1,19
1931,12,3,10
1931,12,4,4124
1931,12,5,819
1931,13,1,6
1931,13,3,34
1931,13,4,6990
1931,13,5,1199
1931,14,3,1
1931,14,4,973
1931,14,5,26
1931,15,4,2194
1931,15,5,148
1931,16,1,3
1931,16,3,1
1931,16,4,384
1931,16,5,97
1931,17,1,42
1931,17,3,28
1931,17,4,6292
1931,17,5,878
1931,18,1,4
1931,18,3,2
1931,18,4,1586
1931,18,5,649
1932,0,1,217
1932,0,3,70
1932,0,4,8104
1932,0,5,2727
1932,1,1,37
1932,1,4,1759
1932,1,5,2616
1932,2,1,59
1932,2,3,8
1932,2,4,5543
1932,2,5,734
1932,3,1,4
1932,3,3,1
1932,3,4,74
1932,3,5,4
1932,4,1,54
1932,4,3,130
1932,4,4,3197
1932,4,5,1639
1932,5,1,150
1932,5,3,2
1932,5,4,1133
1932,5,5,441
1932,6,1,122
1932,6,3,2
1932,6,4,1097
1932,6,5,1984
1932,7,1,23
1932,7,3,3
1932,7,4,2573
1932,7,5,790
1932,8,1,39
1932,8,3,47
1932,8,4,1086
1932,8,5,134
1932,9,1,160
1932,9,3,10
1932,9,4,6867
1932,9,5,1305
1932,10,1,43
1932,10,3,15
1932,10,4,5073
1932,10,5,1327
1932,11,4,2096
1932,11,5,348
1932,12,1,19
1932,12,3,10
1932,12,4,4115
1932,12,5,824
1932,13,1,6
1932,13,3,30
1932,13,4,6993
1932,13,5,1204
1932,14,3,1
1932,14,4,971
1932,14,5,26
1932,15,4,2192
1932,15,5,152
1932,16,1,3
1932,16,3,1
1932,16,4,381
1932,16,5,99
1932,17,1,42
1932,17,3,27
1932,17,4,6288
1932,17,5,882
1932,18,1,4
1932,18,3,2
1932,18,4,1579
1932,18,5,649
1933,0,1,217
1933,0,3,67
1933,0,4,8142
1933,0,5,2715
1933,1,1,37
1933,1,4,1747
1933,1,5,2622
1933,2,1,59
1933,2,3,7
1933,2,4,5531
1933,2,5,740
1933,3,1,4
1933,3,3,1
1933,3,4,74
1933,3,5,4
1933,4,1,54
1933,4,3,136
1933,4,4,3183
1933,4,5,1655
1933,5,1,150
1933,5,3,2
1933,5,4,1133
1933,5,5,438
1933,6,1,122
1933,6,3,2
1933,6,4,1085
1933,6,5,1990
1933,7,1,23
1933,7,3,3
1933,7,4,2561
1933,7,5,794
1933,8,1,39
1933,8,3,42
1933,8,4,1084
1933,8,5,140
1933,9,1,160
1933,9,3,10
1933,9,4,6890
1933,9,5,1305
1933,10,1,43
1933,10,3,15
1933,10,4,5072
1933,10,5,1329
1933,11,4,2094
1933,11,5,354
1933,12,1,19
1933,12,3,10
1933,12,4,4144
1933,12,5,819
1933,13,1,6
1933,13,3,34
1933,13,4,6981
1933,13,5,1207
1933,14,3,1
1933,14,4,974
1933,14,5,26
1933,15,4,2202
1933,15,5,143
1933,16,1,3
1933,16,3,1
1933,16,4,381
1933,16,5,99
1933,17,1,42
1933,17,3,28
1933,17,4,6296
1933,17,5,884
1933,18,1,4
1933,18,3,2
1933,18,4,1587
1933,18,5,646
1934,0,1,217
1934,0,3,70
1934,0,4,8116
1934,0,5,2727
1934,1,1,37
1934,1,4,1754
1934,1,5,2614
1934,2,1,59
1934,2,3,8
1934,2,4,5544
1934,2,5,738
1934,3,1,4
1934,3,3,1
1934,3,4,74
1934,3,5,3
1934,4,1,54
1934,4,3,134
1934,4,4,3186
1934,4,5,1660
1934,5,1,150
1934,5,3,2
1934,5,4,1135
1934,5,5,438
1934,6,1,122
1934,6,3,2
1934,6,4,1080
1934,6,5,1985
1934,7,1,23
1934,7,3,3
1934,7,4,2565
1934,7,5,791
1934,8,1,39
1934,8,3,46
1934,8,4,1082
1934,8,5,138
1934,9,1,160
1934,9,3,10
1934,9,4,6894
1934,9,5,1312
1934,10,1,43
1934,10,3,15
1934,10,4,5083
1934,10,5,1319
1934,11,4,2093
1934,11,5,353
1934,12,1,19
1934,12,3,10
1934,12,4,4133
1934,12,5,819
1934,13,1,6
1934,13,3,30
1934,13,4,6990
1934,13,5,1212
1934,14,3,1
1934,14,4,974
1934,14,5,26
1934,15,4,2197
1934,15,5,150
1934,16,1,3
1934,16,3,1
1934,16,4,381
1934,16,5,99
1934,17,1,42
1934,17,3,27
1934,17,4,6293
1934,17,5,882
1934,18,1,4
1934,18,3,2
1934,18,4,1578
1934,18,5,653
1935,0,1,217
1935,0,3,67
1935,0,4,8114
1935,0,5,2738
1935,1,1,37
1935,1,4,1751
1935,1,5,2623
1935,2,1,59
1935,2,3,7
1935,2,4,5536
1935,2,5,743
1935,3,1,4
1935,3,3,1
1935,3,4,74
1935,3,5,4
1935,4,1,54
1935,4,3,139
1935,4,4,3180
1935,4,5,1651
1935,5,1,150
1935,5,3,2
1935,5,4,1140
1935,5,5,438
1935,6,1,122
1935,6,3,2
1935,6,4,1081
1935,6,5,1991
1935,7,1,23
1935,7,3,3
1935,7,4,2560
1935,7,5,806
1935,8,1,39
1935,8,3,42
1935,8,4,1079
1935,8,5,142
1935,9,1,160
1935,9,3,10
1935,9,4,6900
1935,9,5,1305
1935,10,1,43
1935,10,3,15
1935,10,4,5084
1935,10,5,1322
1935,11,4,2094
1935,11,5,351
1935,12,1,19
1935,12,3,10
1935,12,4,4154
1935,12,5,815
1935,13,1,6
1935,13,3,34
1935,13,4,6988
1935,13,5,1209
1935,14,3,1
1935,14,4,972
1935,14,5,26
1935,15,4,2195
1935,15,5,152
1935,16,1,3
1935,16,3,1
1935,16,4,385
1935,16,5,94
1935,17,1,42
1935,17,3,28
1935,17,4,6293
1935,17,5,874
1935,18,1,4
1935,18,3,2
1935,18,4,1587
1935,18,5,641
1936,0,1,217
1936,0,3,71
1936,0,4,8106
1936,0,5,2743
1936,1,1,37
1936,1,4,1759
1936,1,5,2622
1936,2,1,59
1936,2,3,8
1936,2,4,5541
1936,2,5,741
1936,3,1,4
1936,3,3,1
1936,3,4,74
1936,3,5,4
1936,4,1,54
1936,4,3,136
1936,4,4,3168
1936,4,5,1657
1936,5,1,150
1936,5,3,2
1936,5,4,1137
1936,5,5,439
1936,6,1,122
1936,6,3,2
1936,6,4,1085
1936,6,5,1990
1936,7,1,23
1936,7,3,3
1936,7,4,2562
1936,7,5,810
1936,8,1,39
1936,8,3,47
1936,8,4,1083
1936,8,5,142
1936,9,1,160
1936,9,3,10
1936,9,4,6873
1936,9,5,1319
1936,10,1,43
1936,10,3,15
1936,10,4,5098
1936,10,5,1317
1936,11,4,2096
1936,11,5,353
1936,12,1,19
1936,12,3,10
1936,12,4,4152
1936,12,5,821
1936,13,1,6
1936,13,3,30
1936,13,4,6988
1936,13,5,1212
1936,14,3,1
1936,14,4,974
1936,14,5,26
1936,15,4,2199
1936,15,5,151
1936,16,1,3
1936,16,3,1
1936,16,4,382
1936,16,5,97
1936,17,1,42
1936,17,3,27
1936,17,4,6302
1936,17,5,880
1936,18,1,4
1936,18,3,2
1936,18,4,1587
1936,18,5,643
1937,0,1,217
1937,0,3,71
1937,0,4,8121
1937,0,5,2748
1937,1,1,37
1937,1,4,1762
1937,1,5,2623
1937,2,1,59
1937,2,3,7
1937,2,4,5538
1937,2,5,742
1937,3,1,4
1937,3,3,1
1937,3,4,74
1937,3,5,4
1937,4,1,54
1937,4,3,138
1937,4,4,3164
1937,4,5,1668
1937,5,1,150
1937,5,3,2
1937,5,4,1140
1937,5,5,441
1937,6,1,122
1937,6,3,2
1937,6,4,1085
1937,6,5,1988
1937,7,1,23
1937,7,3,3
1937,7,4,2560
1937,7,5,815
1937,8,1,39
1937,8,3,42
1937,8,4,1082
1937,8,5,142
1937,9,1,160
1937,9,3,10
1937,9,4,6893
1937,9,5,1319
1937,10,1,43
1937,10,3,15
1937,10,4,5093
1937,10,5,1328
1937,11,4,2098
1937,11,5,348
1937,12,1,19
1937,12,3,10
1937,12,4,4159
1937,12,5,826
1937,13,1,6
1937,13,3,35
1937,13,4,6985
1937,13,5,1211
1937,14,3,1
1937,14,4,975
1937,14,5,26
1937,15,4,2200
1937,15,5,150
1937,16,1,3
1937,16,3,1
1937,16,4,380
1937,16,5,99
1937,17,1,42
1937,17,3,28
1937,17,4,6289
1937,17,5,891
1937,18,1,4
1937,18,3,2
1937,18,4,1583
1937,18,5,644
1938,0,1,217
1938,0,3,73
1938,0,4,8123
1938,0,5,2753
1938,1,1,37
1938,1,4,1749
1938,1,5,2629
1938,2,1,59
1938,2,3,8
1938,2,4,5537
1938,2,5,748
1938,3,1,4
1938,3,3,1
1938,3,4,75
1938,3,5,4
1938,4,1,54
1938,4,3,142
1938,4,4,3138
1938,4,5,1673
1938,5,1,150
1938,5,3,2
1938,5,4,1134
1938,5,5,443
1938,6,1,122
1938,6,3,2
1938,6,4,1087
1938,6,5,1993
1938,7,1,23
1938,7,3,3
1938,7,4,2542
1938,7,5,822
1938,8,1,39
1938,8,3,47
1938,8,4,1082
1938,8,5,142
1938,9,1,160
1938,9,3,10
1938,9,4,6888
1938,9,5,1320
1938,10,1,43
1938,10,3,15
1938,10,4,5084
1938,10,5,1333
1938,11,4,2092
1938,11,5,352
1938,12,1,19
1938,12,3,10
1938,12,4,4148
1938,12,5,827
1938,13,1,6
1938,13,3,31
1938,13,4,7000
1938,13,5,1202
1938,14,3,1
1938,14,4,974
1938,14,5,25
1938,15,4,2198
1938,15,5,152
1938,16,1,3
1938,16,3,1
1938,16,4,380
1938,16,5,98
1938,17,1,42
1938,17,3,27
1938,17,4,6290
1938,17,5,896
1938,18,1,4
1938,18,3,2
1938,18,4,1576
1938,18,5,660
1939,0,1,217
1939,0,3,75
1939,0,4,8080
1939,0,5,2751
1939,1,1,37
1939,1,4,1764
1939,1,5,2619
1939,2,1,59
1939,2,3,7
1939,2,4,5516
1939,2,5,751
1939,3,1,4
1939,3,3,1
1939,3,4,74
1939,3,5,4
1939,4,1,54
1939,4,3,138
1939,4,4,3134
1939,4,5,1666
1939,5,1,150
1939,5,3,2
1939,5,4,1126
1939,5,5,444
1939,6,1,122
1939,6,3,2
1939,6,4,1075
1939,6,5,1993
1939,7,1,23
1939,7,3,3
1939,7,4,2536
1939,7,5,822
1939,8,1,39
1939,8,3,42
1939,8,4,1081
1939,8,5,142
1939,9,1,160
1939,9,3,10
1939,9,4,6873
1939,9,5,1317
1939,10,1,43
1939,10,3,16
1939,10,4,5057
1939,10,5,1335
1939,11,4,2089
1939,11,5,354
1939,12,1,19
1939,12,3,11
1939,12,4,4141
1939,12,5,821
1939,13,1,6
1939,13,3,36
1939,13,4,6970
1939,13,5,1222
1939,14,3,1
1939,14,4,974
1939,14,5,27
1939,15,4,2196
1939,15,5,156
1939,16,1,3
1939,16,3,1
1939,16,4,380
1939,16,5,99
1939,17,1,42
1939,17,3,28
1939,17,4,6284
1939,17,5,901
1939,18,1,4
1939,18,3,2
1939,18,4,1589
1939,18,5,647
1940,0,1,217
1940,0,3,73
1940,0,4,8099
1940,0,5,2749
1940,1,1,37
1940,1,4,1743
1940,1,5,2622
1940,2,1,59
1940,2,3,8
1940,2,4,5529
1940,2,5,754
1940,3,1,4
1940,3,3,1
1940,3,4,74
1940,3,5,4
1940,4,1,54
1940,4,3,140
1940,4,4,3124
1940,4,5,1676
1940,5,1,150
1940,5,3,2
1940,5,4,1129
1940,5,5,446
1940,6,1,122
1940,6,3,2
1940,6,4,1072
1940,6,5,1992
1940,7,1,23
1940,7,3,3
1940,7,4,2560
1940,7,5,819
1940,8,1,39
1940,8,3,47
1940,8,4,1083
1940,8,5,141
1940,9,1,160
1940,9,3,10
1940,9,4,6855
1940,9,5,1332
1940,10,1,43
1940,10,3,16
1940,10,4,5080
1940,10,5,1336
1940,11,4,2089
1940,11,5,354
1940,12,1,19
1940,12,3,11
1940,12,4,4132
1940,12,5,831
1940,13,1,6
1940,13,3,38
1940,13,4,6965
1940,13,5,1228
1940,14,3,1
1940,14,4,972
1940,14,5,26
1940,15,4,2190
1940,15,5,160
1940,16,1,3
1940,16,3,1
1940,16,4,380
1940,16,5,99
1940,17,1,42
1940,17,3,29
1940,17,4,6287
1940,17,5,905
1940,18,1,4
1940,18,3,2
1940,18,4,1580
1940,18,5,662
1941,0,1,217
1941,0,3,74
1941,0,4,8023
1941,0,5,2783
1941,1,1,37
1941,1,4,1749
1941,1,5,2627
1941,2,1,59
1941,2,3,7
1941,2,4,5505
1941,2,5,751
1941,3,1,4
1941,3,3,1
1941,3,4,74
1941,3,5,4
1941,4,1,54
1941,4,3,139
1941,4,4,3109
1941,4,5,1679
1941,5,1,150
1941,5,3,2
1941,5,4,1135
1941,5,5,441
1941,6,1,122
1941,6,3,2
1941,6,4,1064
1941,6,5,1995
1941,7,1,23
1941,7,3,3
1941,7,4,2525
1941,7,5,818
1941,8,1,39
1941,8,3,42
1941,8,4,1087
1941,8,5,142
1941,9,1,160
1941,9,3,11
1941,9,4,6833
1941,9,5,1333
1941,10,1,43
1941,10,3,19
1941,10,4,5037
1941,10,5,1329
1941,11,4,2080
1941,11,5,358
1941,12,1,19
1941,12,3,11
1941,12,4,4129
1941,12,5,823
1941,13,1,6
1941,13,3,39
1941,13,4,6963
1941,13,5,1224
1941,14,3,1
1941,14,4,973
1941,14,5,27
1941,15,4,2189
1941,15,5,160
1941,16,1,3
1941,16,3,1
1941,16,4,380
1941,16,5,99
1941,17,1,42
1941,17,3,26
1941,17,4,6268
1941,17,5,924
1941,18,1,4
1941,18,3,2
1941,18,4,1581
1941,18,5,658
1942,0,1,217
1942,0,3,68
1942,0,4,8079
1942,0,5,2773
1942,1,1,37
1942,1,4,1755
1942,1,5,2613
1942,2,1,59
1942,2,3,8
1942,2,4,5536
1942,2,5,747
1942,3,1,4
1942,3,3,1
1942,3,4,74
1942,3,5,4
1942,4,1,54
1942,4,3,142
1942,4,4,3117
1942,4,5,1678
1942,5,1,150
1942,5,3,2
1942,5,4,1128
1942,5,5,448
1942,6,1,122
1942,6,3,2
1942,6,4,1056
1942,6,5,2003
1942,7,1,23
1942,7,3,3
1942,7,4,2549
1942,7,5,820
1942,8,1,39
1942,8,3,47
1942,8,4,1081
1942,8,5,146
1942,9,1,160
1942,9,3,11
1942,9,4,6865
1942,9,5,1329
1942,10,1,43
1942,10,3,16
1942,10,4,5063
1942,10,5,1346
1942,11,4,2088
1942,11,5,358
1942,12,1,19
1942,12,3,11
1942,12,4,4159
1942,12,5,823
1942,13,1,6
1942,13,3,38
1942,13,4,6961
1942,13,5,1234
1942,14,3,1
1942,14,4,972
1942,14,5,27
1942,15,4,2191
1942,15,5,159
1942,16,1,3
1942,16,3,1
1942,16,4,378
1942,16,5,101
1942,17,1,42
1942,17,3,29
1942,17,4,6272
1942,17,5,919
1942,18,1,4
1942,18,3,2
1942,18,4,1576
1942,18,5,670
1943,0,1,217
1943,0,3,76
1943,0,4,8053
1943,0,5,2775
1943,1,1,37
1943,1,4,1748
1943,1,5,2619
1943,2,1,59
1943,2,3,7
1943,2,4,5516
1943,2,5,752
1943,3,1,4
1943,3,3,1
1943,3,4,74
1943,3,5,4
1943,4,1,54
1943,4,3,143
1943,4,4,3112
1943,4,5,1685
1943,5,1,150
1943,5,3,2
1943,5,4,1126
1943,5,5,448
1943,6,1,122
1943,6,3,2
1943,6,4,1069
1943,6,5,1999
1943,7,1,23
1943,7,3,3
1943,7,4,2539
1943,7,5,821
1943,8,1,39
1943,8,3,42
1943,8,4,1081
1943,8,5,145
1943,9,1,160
1943,9,3,11
1943,9,4,6847
1943,9,5,1347
1943,10,1,43
1943,10,3,17
1943,10,4,5066
1943,10,5,1345
1943,11,4,2086
1943,11,5,357
1943,12,1,19
1943,12,3,11
1943,12,4,4144
1943,12,5,834
1943,13,1,6
1943,13,3,39
1943,13,4,6963
1943,13,5,1229
1943,14,3,1
1943,14,4,973
1943,14,5,27
1943,15,4,2189
1943,15,5,157
1943,16,1,3
1943,16,3,1
1943,16,4,380
1943,16,5,99
1943,17,1,42
1943,17,3,28
1943,17,4,6272
1943,17,5,916
1943,18,1,4
1943,18,3,2
1943,18,4,1569
1943,18,5,672
1944,0,1,217
1944,0,3,78
1944,0,4,8009
1944,0,5,2789
1944,1,1,37
1944,1,4,1722
1944,1,5,2638
1944,2,1,59
1944,2,3,8
1944,2,4,5529
1944,2,5,751
1944,3,1,4
1944,3,3,1
1944,3,4,74
1944,3,5,4
1944,4,1,54
1944,4,3,143
1944,4,4,3105
1944,4,5,1682
1944,5,1,150
1944,5,3,2
1944,5,4,1126
1944,5,5,454
1944,6,1,122
1944,6,3,2
1944,6,4,1067
1944,6,5,2005
1944,7,1,23
1944,7,3,6
1944,7,4,2538
1944,7,5,815
1944,8,1,39
1944,8,3,47
1944,8,4,1083
1944,8,5,141
1944,9,1,160
1944,9,3,11
1944,9,4,6851
1944,9,5,1345
1944,10,1,43
1944,10,3,16
1944,10,4,5059
1944,10,5,1348
1944,11,4,2090
1944,11,5,355
1944,12,1,19
1944,12,3,11
1944,12,4,4132
1944,12,5,840
1944,13,1,6
1944,13,3,38
1944,13,4,6957
1944,13,5,1235
1944,14,3,1
1944,14,4,973
1944,14,5,27
1944,15,4,2189
1944,15,5,161
1944,16,1,3
1944,16,3,1
1944,16,4,378
1944,16,5,101
1944,17,1,42
1944,17,3,27
1944,17,4,6267
1944,17,5,923
1944,18,1,4
1944,18,3,2
1944,18,4,1575
1944,18,5,667
1945,0,1,217
1945,0,3,79
1945,0,4,8046
1945,0,5,2777
1945,1,1,37
1945,1,4,1710
1945,1,5,2643
1945,2,1,59
1945,2,3,7
1945,2,4,5518
1945,2,5,756
1945,3,1,4
1945,3,3,1
1945,3,4,74
1945,3,5,4
1945,4,1,54
1945,4,3,149
1945,4,4,3080
1945,4,5,1693
1945,5,1,150
1945,5,3,2
1945,5,4,1120
1945,5,5,451
1945,6,1,122
1945,6,3,2
1945,6,4,1056
1945,6,5,2009
1945,7,1,23
1945,7,3,6
1945,7,4,2533
1945,7,5,819
1945,8,1,39
1945,8,3,42
1945,8,4,1083
1945,8,5,145
1945,9,1,160
1945,9,3,11
1945,9,4,6847
1945,9,5,1347
1945,10,1,43
1945,10,3,17
1945,10,4,5061
1945,10,5,1355
1945,11,4,2084
1945,11,5,361
1945,12,1,19
1945,12,3,11
1945,12,4,4142
1945,12,5,838
1945,13,1,6
1945,13,3,39
1945,13,4,6951
1945,13,5,1236
1945,14,3,1
1945,14,4,973
1945,14,5,27
1945,15,4,2196
1945,15,5,152
1945,16,1,3
1945,16,3,1
1945,16,4,378
1945,16,5,101
1945,17,1,42
1945,17,3,28
1945,17,4,6273
1945,17,5,922
1945,18,1,4
1945,18,3,2
1945,18,4,1578
1945,18,5,664
1946,0,1,217
1946,0,3,79
1946,0,4,8006
1946,0,5,2790
1946,1,1,37
1946,1,4,1723
1946,1,5,2626
1946,2,1,59
1946,2,3,8
1946,2,4,5526
1946,2,5,750
1946,3,1,4
1946,3,3,1
1946,3,4,74
1946,3,5,3
1946,4,1,54
1946,4,3,151
1946,4,4,3090
1946,4,5,1685
1946,5,1,150
1946,5,3,2
1946,5,4,1115
1946,5,5,456
1946,6,1,122
1946,6,3,2
1946,6,4,1053
1946,6,5,2002
1946,7,1,23
1946,7,3,6
1946,7,4,2533
1946,7,5,809
1946,8,1,39
1946,8,3,48
1946,8,4,1079
1946,8,5,143
1946,9,1,160
1946,9,3,11
1946,9,4,6851
1946,9,5,1350
1946,10,1,43
1946,10,3,16
1946,10,4,5058
1946,10,5,1352
1946,11,4,2081
1946,11,5,365
1946,12,1,19
1946,12,3,11
1946,12,4,4134
1946,12,5,835
1946,13,1,6
1946,13,3,38
1946,13,4,6942
1946,13,5,1253
1946,14,3,1
1946,14,4,972
1946,14,5,27
1946,15,4,2192
1946,15,5,159
1946,16,1,3
1946,16,3,1
1946,16,4,376
1946,16,5,101
1946,17,1,42
1946,17,3,28
1946,17,4,6268
1946,17,5,931
1946,18,1,4
1946,18,3,2
1946,18,4,1571
1946,18,5,672
1947,0,1,217
1947,0,3,82
1947,0,4,8023
1947,0,5,2789
1947,1,1,37
1947,1,4,1716
1947,1,5,2641
1947,2,1,59
1947,2,3,7
1947,2,4,5510
1947,2,5,767
1947,3,1,4
1947,3,3,1
1947,3,4,74
1947,3,5,4
1947,4,1,54
1947,4,3,153
1947,4,4,3077
1947,4,5,1683
1947,5,1,150
1947,5,3,2
1947,5,4,1112
1947,5,5,455
1947,6,1,122
1947,6,3,2
1947,6,4,1045
1947,6,5,2009
1947,7,1,23
1947,7,3,6
1947,7,4,2522
1947,7,5,825
1947,8,1,39
1947,8,3,43
1947,8,4,1078
1947,8,5,147
1947,9,1,160
1947,9,3,11
1947,9,4,6841
1947,9,5,1346
1947,10,1,43
1947,10,3,17
1947,10,4,5051
1947,10,5,1351
1947,11,4,2076
1947,11,5,363
1947,12,1,19
1947,12,3,11
1947,12,4,4131
1947,12,5,832
1947,13,1,6
1947,13,3,40
1947,13,4,6938
1947,13,5,1252
1947,14,3,1
1947,14,4,972
1947,14,5,26
1947,15,4,2189
1947,15,5,161
1947,16,1,3
1947,16,3,1
1947,16,4,380
1947,16,5,96
1947,17,1,42
1947,17,3,29
1947,17,4,6261
1947,17,5,925
1947,18,1,4
1947,18,3,2
1947,18,4,1577
1947,18,5,670
1948,0,1,217
1948,0,3,84
1948,0,4,7977
1948,0,5,2803
1948,1,1,37
1948,1,4,1713
1948,1,5,2638
1948,2,1,59
1948,2,3,7
1948,2,4,5512
1948,2,5,764
1948,3,1,4
1948,3,3,1
1948,3,4,74
1948,3,5,4
1948,4,1,54
1948,4,3,148
1948,4,4,3064
1948,4,5,1693
1948,5,1,150
1948,5,3,2
1948,5,4,1115
1948,5,5,457
1948,6,1,122
1948,6,3,2
1948,6,4,1044
1948,6,5,2015
1948,7,1,23
1948,7,3,6
1948,7,4,2520
1948,7,5,824
1948,8,1,39
1948,8,3,48
1948,8,4,1078
1948,8,5,148
1948,9,1,160
1948,9,3,12
1948,9,4,6823
1948,9,5,1358
1948,10,1,43
1948,10,3,18
1948,10,4,5054
1948,10,5,1350
1948,11,4,2078
1948,11,5,365
1948,12,1,19
1948,12,3,11
1948,12,4,4116
1948,12,5,837
1948,13,1,6
1948,13,3,39
1948,13,4,6929
1948,13,5,1257
1948,14,3,1
1948,14,4,972
1948,14,5,26
1948,15,4,2192
1948,15,5,158
1948,16,1,3
1948,16,3,1
1948,16,4,376
1948,16,5,99
1948,17,1,42
1948,17,3,29
1948,17,4,6272
1948,17,5,919
1948,18,1,4
1948,18,3,2
1948,18,4,1578
1948,18,5,665
1949,0,1,217
1949,0,3,85
1949,0,4,7983
1949,0,5,2811
1949,1,1,37
1949,1,4,1710
1949,1,5,2643
1949,2,1,59
1949,2,3,8
1949,2,4,5510
1949,2,5,761
1949,3,1,4
1949,3,3,1
1949,3,4,74
1949,3,5,4
1949,4,1,54
1949,4,3,150
1949,4,4,3062
1949,4,5,1693
1949,5,1,150
1949,5,3,2
1949,5,4,1115
1949,5,5,454
1949,6,1,122
1949,6,3,2
1949,6,4,1036
1949,6,5,2016
1949,7,1,23
1949,7,3,6
1949,7,4,2522
1949,7,5,829
1949,8,1,39
1949,8,3,43
1949,8,4,1078
1949,8,5,149
1949,9,1,160
1949,9,3,12
1949,9,4,6810
1949,9,5,1357
1949,10,1,43
1949,10,3,17
1949,10,4,5050
1949,10,5,1358
1949,11,4,2083
1949,11,5,359
1949,12,1,19
1949,12,3,11
1949,12,4,4122
1949,12,5,835
1949,13,1,6
1949,13,3,43
1949,13,4,6924
1949,13,5,1256
1949,14,3,1
1949,14,4,972
1949,14,5,26
1949,15,4,2189
1949,15,5,159
1949,16,1,3
1949,16,3,1
1949,16,4,373
1949,16,5,101
1949,17,1,42
1949,17,3,29
1949,17,4,6249
1949,17,5,935
1949,18,1,4
1949,18,3,2
1949,18,4,1565
1949,18,5,673
1950,0,1,217
1950,0,3,84
1950,0,4,7956
1950,0,5,2817
1950,1,1,37
1950,1,4,1685
1950,1,5,2655
1950,2,1,59
1950,2,3,9
1950,2,4,5507
1950,2,5,769
1950,3,1,4
1950,3,3,1
1950,3,4,75
1950,3,5,4
1950,4,1,54
1950,4,3,152
1950,4,4,3019
1950,4,5,1704
1950,5,1,150
1950,5,3,2
1950,5,4,1108
1950,5,5,459
1950,6,1,122
1950,6,3,2
1950,6,4,1042
1950,6,5,2017
1950,7,1,23
1950,7,3,6
1950,7,4,2503
1950,7,5,832
1950,8,1,39
1950,8,3,50
1950,8,4,1068
1950,8,5,152
1950,9,1,160
1950,9,3,12
1950,9,4,6820
1950,9,5,1355
1950,10,1,43
1950,10,3,18
1950,10,4,5031
1950,10,5,1365
1950,11,4,2072
1950,11,5,364
1950,12,1,19
1950,12,3,11
1950,12,4,4094
1950,12,5,847
1950,13,1,6
1950,13,3,39
1950,13,4,6930
1950,13,5,1250
1950,14,3,1
1950,14,4,972
1950,14,5,27
1950,15,4,2190
1950,15,5,160
1950,16,1,3
1950,16,3,1
1950,16,4,371
1950,16,5,101
1950,17,1,42
1950,17,3,29
1950,17,4,6254
1950,17,5,936
1950,18,1,4
1950,18,3,2
1950,18,4,1560
1950,18,5,682
1951,0,1,217
1951,0,3,89
1951,0,4,7932
1951,0,5,2815
1951,1,1,37
1951,1,4,1709
1951,1,5,2641
1951,2,1,59
1951,2,3,8
1951,2,4,5490
1951,2,5,768
1951,3,1,4
1951,3,3,1
1951,3,4,74
1951,3,5,4
1951,4,1,54
1951,4,3,150
1951,4,4,3023
1951,4,5,1696
1951,5,1,150
1951,5,3,2
1951,5,4,1107
1951,5,5,456
1951,6,1,122
1951,6,3,2
1951,6,4,1032
1951,6,5,2017
1951,7,1,23
1951,7,3,6
1951,7,4,2503
1951,7,5,835
1951,8,1,39
1951,8,3,45
1951,8,4,1056
1951,8,5,156
1951,9,1,160
1951,9,3,12
1951,9,4,6804
1951,9,5,1359
1951,10,1,43
1951,10,3,17
1951,10,4,5027
1951,10,5,1371
1951,11,4,2072
1951,11,5,369
1951,12,1,19
1951,12,3,11
1951,12,4,4109
1951,12,5,843
1951,13,1,6
1951,13,3,43
1951,13,4,6912
1951,13,5,1262
1951,14,3,1
1951,14,4,971
1951,14,5,27
1951,15,4,2189
1951,15,5,162
1951,16,1,3
1951,16,3,1
1951,16,4,371
1951,16,5,101
1951,17,1,42
1951,17,3,29
1951,17,4,6246
1951,17,5,938
1951,18,1,4
1951,18,3,2
1951,18,4,1571
1951,18,5,673
1952,0,1,217
1952,0,3,86
1952,0,4,7935
1952,0,5,2808
1952,1,1,37
1952,1,4,1688
1952,1,5,2645
1952,2,1,59
1952,2,3,9
1952,2,4,5511
1952,2,5,769
1952,3,1,4
1952,3,3,1
1952,3,4,74
1952,3,5,4
1952,4,1,54
1952,4,3,150
1952,4,4,3010
1952,4,5,1704
1952,5,1,150
1952,5,3,2
1952,5,4,1104
1952,5,5,458
1952,6,1,122
1952,6,3,2
1952,6,4,1027
1952,6,5,2017
1952,7,1,23
1952,7,3,6
1952,7,4,2500
1952,7,5,832
1952,8,1,39
1952,8,3,50
1952,8,4,1054
1952,8,5,155
1952,9,1,160
1952,9,3,14
1952,9,4,6768
1952,9,5,1371
1952,10,1,43
1952,10,3,18
1952,10,4,5013
1952,10,5,1374
1952,11,4,2064
1952,11,5,368
1952,12,1,19
1952,12,3,11
1952,12,4,4069
1952,12,5,854
1952,13,1,6
1952,13,3,39
1952,13,4,6898
1952,13,5,1281
1952,14,3,1
1952,14,4,972
1952,14,5,26
1952,15,4,2186
1952,15,5,164
1952,16,1,3
1952,16,3,1
1952,16,4,371
1952,16,5,101
1952,17,1,42
1952,17,3,29
1952,17,4,6251
1952,17,5,930
1952,18,1,4
1952,18,3,2
1952,18,4,1556
1952,18,5,687
1953,0,1,217
1953,0,3,89
1953,0,4,7886
1953,0,5,2839
1953,1,1,37
1953,1,4,1698
1953,1,5,2646
1953,2,1,59
1953,2,3,8
1953,2,4,5482
1953,2,5,775
1953,3,1,4
1953,3,3,1
1953,3,4,74
1953,3,5,5
1953,4,1,54
1953,4,3,151
1953,4,4,2982
1953,4,5,1712
1953,5,1,150
1953,5,3,2
1953,5,4,1113
1953,5,5,454
1953,6,1,122
1953,6,3,2
1953,6,4,1024
1953,6,5,2019
1953,7,1,23
1953,7,3,6
1953,7,4,2496
1953,7,5,834
1953,8,1,39
1953,8,3,45
1953,8,4,1062
1953,8,5,156
1953,9,1,160
1953,9,3,14
1953,9,4,6771
1953,9,5,1365
1953,10,1,43
1953,10,3,17
1953,10,4,5010
1953,10,5,1380
1953,11,4,2066
1953,11,5,371
1953,12,1,19
1953,12,3,11
1953,12,4,4095
1953,12,5,844
1953,13,1,6
1953,13,3,43
1953,13,4,6880
1953,13,5,1286
1953,14,3,1
1953,14,4,970
1953,14,5,27
1953,15,4,2179
1953,15,5,169
1953,16,1,3
1953,16,3,1
1953,16,4,371
1953,16,5,99
1953,17,1,42
1953,17,3,29
1953,17,4,6238
1953,17,5,950
1953,18,1,4
1953,18,3,2
1953,18,4,1560
1953,18,5,688
1954,0,1,217
1954,0,3,89
1954,0,4,7883
1954,0,5,2832
1954,1,1,37
1954,1,4,1674
1954,1,5,2652
1954,2,1,59
1954,2,3,9
1954,2,4,5496
1954,2,5,776
1954,3,1,4
1954,3,3,1
1954,3,4,72
1954,3,5,5
1954,4,1,54
1954,4,3,152
1954,4,4,2974
1954,4,5,1709
1954,5,1,150
1954,5,3,2
1954,5,4,1105
1954,5,5,460
1954,6,1,122
1954,6,3,2
1954,6,4,1011
1954,6,5,2024
1954,7,1,23
1954,7,3,6
1954,7,4,2498
1954,7,5,839
1954,8,1,39
1954,8,3,50
1954,8,4,1049
1954,8,5,158
1954,9,1,160
1954,9,3,16
1954,9,4,6776
1954,9,5,1360
1954,10,1,43
1954,10,3,18
1954,10,4,4992
1954,10,5,1386
1954,11,4,2057
1954,11,5,373
1954,12,1,19
1954,12,3,11
1954,12,4,4072
1954,12,5,857
1954,13,1,6
1954,13,3,39
1954,13,4,6872
1954,13,5,1296
1954,14,3,1
1954,14,4,971
1954,14,5,27
1954,15,4,2181
1954,15,5,168
1954,16,1,3
1954,16,3,1
1954,16,4,369
1954,16,5,101
1954,17,1,42
1954,17,3,29
1954,17,4,6235
1954,17,5,950
1954,18,1,4
1954,18,3,2
1954,18,4,1561
1954,18,5,693
1955,0,1,217
1955,0,3,93
1955,0,4,7866
1955,0,5,2829
1955,1,1,37
1955,1,4,1673
1955,1,5,2650
1955,2,1,59
1955,2,3,8
1955,2,4,5469
1955,2,5,781
1955,3,1,4
1955,3,3,1
1955,3,4,71
1955,3,5,6
1955,4,1,54
1955,4,3,154
1955,4,4,2972
1955,4,5,1712
1955,5,1,150
1955,5,3,2
1955,5,4,1100
1955,5,5,458
1955,6,1,122
1955,6,3,2
1955,6,4,1014
1955,6,5,2020
1955,7,1,23
1955,7,3,6
1955,7,4,2494
1955,7,5,837
1955,8,1,39
1955,8,3,49
1955,8,4,1052
1955,8,5,156
1955,9,1,160
1955,9,3,14
1955,9,4,6742
1955,9,5,1383
1955,10,1,43
1955,10,3,17
1955,10,4,4995
1955,10,5,1383
1955,11,4,2060
1955,11,5,371
1955,12,1,19
1955,12,3,11
1955,12,4,4068
1955,12,5,862
1955,13,1,6
1955,13,3,43
1955,13,4,6863
1955,13,5,1292
1955,14,3,1
1955,14,4,970
1955,14,5,27
1955,15,4,2177
1955,15,5,166
1955,16,1,3
1955,16,3,1
1955,16,4,367
1955,16,5,101
1955,17,1,42
1955,17,3,28
1955,17,4,6228
1955,17,5,947
1955,18,1,4
1955,18,3,2
1955,18,4,1553
1955,18,5,695
1956,0,1,217
1956,0,3,94
1956,0,4,7816
1956,0,5,2858
1956,1,1,37
1956,1,4,1648
1956,1,5,2666
1956,2,1,59
1956,2,3,9
1956,2,4,5495
1956,2,5,774
1956,3,1,4
1956,3,3,1
1956,3,4,71
1956,3,5,6
1956,4,1,54
1956,4,3,153
1956,4,4,2952
1956,4,5,1719
1956,5,1,150
1956,5,3,2
1956,5,4,1098
1956,5,5,461
1956,6,1,122
1956,6,3,2
1956,6,4,1014
1956,6,5,2022
1956,7,1,23
1956,7,3,6
1956,7,4,2474
1956,7,5,841
1956,8,1,39
1956,8,3,46
1956,8,4,1052
1956,8,5,152
1956,9,1,160
1956,9,3,16
1956,9,4,6756
1956,9,5,1380
1956,10,1,43
1956,10,3,18
1956,10,4,4989
1956,10,5,1380
1956,11,4,2055
1956,11,5,374
1956,12,1,19
1956,12,3,11
1956,12,4,4044
1956,12,5,868
1956,13,1,6
1956,13,3,39
1956,13,4,6852
1956,13,5,1304
1956,14,3,1
1956,14,4,972
1956,14,5,27
1956,15,4,2176
1956,15,5,171
1956,16,1,3
1956,16,3,1
1956,16,4,364
1956,16,5,105
1956,17,1,42
1956,17,3,31
1956,17,4,6219
1956,17,5,954
1956,18,1,4
1956,18,3,2
1956,18,4,1556
1956,18,5,690
1957,0,1,217
1957,0,3,96
1957,0,4,7835
1957,0,5,2849
1957,1,1,37
1957,1,4,1637
1957,1,5,2671
1957,2,1,59
1957,2,3,8
1957,2,4,5470
1957,2,5,781
1957,3,1,4
1957,3,3,1
1957,3,4,71
1957,3,5,6
1957,4,1,54
1957,4,3,156
1957,4,4,2922
1957,4,5,1734
1957,5,1,150
1957,5,3,2
1957,5,4,1095
1957,5,5,460
1957,6,1,122
1957,6,3,2
1957,6,4,999
1957,6,5,2030
1957,7,1,23
1957,7,3,6
1957,7,4,2476
1957,7,5,841
1957,8,1,39
1957,8,3,49
1957,8,4,1054
1957,8,5,156
1957,9,1,160
1957,9,3,14
1957,9,4,6735
1957,9,5,1392
1957,10,1,43
1957,10,3,16
1957,10,4,4986
1957,10,5,1395
1957,11,4,2052
1957,11,5,378
1957,12,1,19
1957,12,3,11
1957,12,4,4068
1957,12,5,864
1957,13,1,6
1957,13,3,42
1957,13,4,6838
1957,13,5,1307
1957,14,3,1
1957,14,4,970
1957,14,5,27
1957,15,4,2177
1957,15,5,167
1957,16,1,3
1957,16,3,1
1957,16,4,364
1957,16,5,105
1957,17,1,42
1957,17,3,31
1957,17,4,6213
1957,17,5,954
1957,18,1,4
1957,18,3,2
1957,18,4,1553
1957,18,5,687
1958,0,1,217
1958,0,3,98
1958,0,4,7802
1958,0,5,2848
1958,1,1,37
1958,1,4,1647
1958,1,5,2662
1958,2,1,59
1958,2,3,7
1958,2,4,5484
1958,2,5,779
1958,3,1,4
1958,3,3,1
1958,3,4,71
1958,3,5,5
1958,4,1,54
1958,4,3,156
1958,4,4,2912
1958,4,5,1729
1958,5,1,150
1958,5,3,2
1958,5,4,1086
1958,5,5,462
1958,6,1,122
1958,6,3,2
1958,6,4,995
1958,6,5,2026
1958,7,1,23
1958,7,3,5
1958,7,4,2465
1958,7,5,832
1958,8,1,39
1958,8,3,46
1958,8,4,1048
1958,8,5,155
1958,9,1,160
1958,9,3,16
1958,9,4,6729
1958,9,5,1397
1958,10,1,43
1958,10,3,18
1958,10,4,4984
1958,10,5,1392
1958,11,4,2043
1958,11,5,384
1958,12,1,19
1958,12,3,11
1958,12,4,4037
1958,12,5,865
1958,13,1,6
1958,13,3,39
1958,13,4,6822
1958,13,5,1328
1958,14,3,1
1958,14,4,972
1958,14,5,27
1958,15,4,2179
1958,15,5,169
1958,16,1,3
1958,16,3,1
1958,16,4,364
1958,16,5,105
1958,17,1,42
1958,17,3,32
1958,17,4,6205
1958,17,5,967
1958,18,1,4
1958,18,3,2
1958,18,4,1547
1958,18,5,691
1959,0,1,217
1959,0,3,98
1959,0,4,7787
1959,0,5,2859
1959,1,1,37
1959,1,4,1666
1959,1,5,2654
1959,2,1,59
1959,2,3,10
1959,2,4,5452
1959,2,5,795
1959,3,1,4
1959,3,3,1
1959,3,4,71
1959,3,5,6
1959,4,1,54
1959,4,3,157
1959,4,4,2901
1959,4,5,1727
1959,5,1,150
1959,5,3,2
1959,5,4,1088
1959,5,5,462
1959,6,1,122
1959,6,3,2
1959,6,4,979
1959,6,5,2030
1959,7,1,23
1959,7,3,6
1959,7,4,2457
1959,7,5,844
1959,8,1,39
1959,8,3,49
1959,8,4,1045
1959,8,5,159
1959,9,1,160
1959,9,3,14
1959,9,4,6725
1959,9,5,1386
1959,10,1,43
1959,10,3,16
1959,10,4,4968
1959,10,5,1398
1959,11,4,2045
1959,11,5,381
1959,12,1,19
1959,12,3,11
1959,12,4,4057
1959,12,5,863
1959,13,1,6
1959,13,3,42
1959,13,4,6810
1959,13,5,1334
1959,14,3,1
1959,14,4,969
1959,14,5,26
1959,15,4,2174
1959,15,5,172
1959,16,1,3
1959,16,3,1
1959,16,4,365
1959,16,5,101
1959,17,1,42
1959,17,3,31
1959,17,4,6198
1959,17,5,962
1959,18,1,4
1959,18,3,2
1959,18,4,1551
1959,18,5,695
1960,0,1,217
1960,0,3,100
1960,0,4,7751
1960,0,5,2871
1960,1,1,37
1960,1,4,1645
1960,1,5,2668
1960,2,1,59
1960,2,3,8
1960,2,4,5467
1960,2,5,783
1960,3,1,4
1960,3,3,1
1960,3,4,70
1960,3,5,6
1960,4,1,54
1960,4,3,155
1960,4,4,2875
1960,4,5,1749
1960,5,1,150
1960,5,3,2
1960,5,4,1076
1960,5,5,464
1960,6,1,122
1960,6,3,2
1960,6,4,975
1960,6,5,2030
1960,7,1,23
1960,7,3,5
1960,7,4,2452
1960,7,5,840
1960,8,1,39
1960,8,3,47
1960,8,4,1044
1960,8,5,159
1960,9,1,160
1960,9,3,14
1960,9,4,6690
1960,9,5,1406
1960,10,1,43
1960,10,3,20
1960,10,4,4957
1960,10,5,1399
1960,11,4,2039
1960,11,5,383
1960,12,1,19
1960,12,3,11
1960,12,4,4024
1960,12,5,864
1960,13,1,6
1960,13,3,42
1960,13,4,6795
1960,13,5,1345
1960,14,3,1
1960,14,4,971
1960,14,5,26
1960,15,4,2174
1960,15,5,173
1960,16,1,3
1960,16,3,1
1960,16,4,363
1960,16,5,104
1960,17,1,42
1960,17,3,31
1960,17,4,6204
1960,17,5,961
1960,18,1,4
1960,18,3,2
1960,18,4,1553
1960,18,5,686
1961,0,1,217
1961,0,3,100
1961,0,4,7726
1961,0,5,2890
1961,1,1,37
1961,1,4,1631
1961,1,5,2670
1961,2,1,59
1961,2,3,10
1961,2,4,5440
1961,2,5,792
1961,3,1,4
1961,3,3,1
1961,3,4,70
1961,3,5,6
1961,4,1,54
1961,4,3,156
1961,4,4,2882
1961,4,5,1751
1961,5,1,150
1961,5,3,2
1961,5,4,1072
1961,5,5,461
1961,6,1,122
1961,6,3,2
1961,6,4,963
1961,6,5,2033
1961,7,1,23
1961,7,3,6
1961,7,4,2457
1961,7,5,844
1961,8,1,39
1961,8,3,50
1961,8,4,1043
1961,8,5,159
1961,9,1,160
1961,9,3,16
1961,9,4,6667
1961,9,5,1415
1961,10,1,43
1961,10,3,16
1961,10,4,4954
1961,10,5,1407
1961,11,4,2045
1961,11,5,378
1961,12,1,19
1961,12,3,11
1961,12,4,4043
1961,12,5,870
1961,13,1,6
1961,13,3,42
1961,13,4,6786
1961,13,5,1346
1961,14,3,1
1961,14,4,971
1961,14,5,26
1961,15,4,2177
1961,15,5,169
1961,16,1,3
1961,16,3,1
1961,16,4,359
1961,16,5,107
1961,17,1,42
1961,17,3,32
1961,17,4,6187
1961,17,5,970
1961,18,1,4
1961,18,3,2
1961,18,4,1545
1961,18,5,690
1962,0,1,217
1962,0,3,100
1962,0,4,7726
1962,0,5,2886
1962,1,1,37
1962,1,4,1616
1962,1,5,2672
1962,2,1,59
1962,2,3,8
1962,2,4,5443
1962,2,5,798
1962,3,1,4
1962,3,3,1
1962,3,4,71
1962,3,5,7
1962,4,1,54
1962,4,3,158
1962,4,4,2835
1962,4,5,1755
1962,5,1,150
1962,5,4,1073
1962,5,5,461
1962,6,1,122
1962,6,3,2
1962,6,4,958
1962,6,5,2036
1962,7,1,23
1962,7,3,5
1962,7,4,2446
1962,7,5,845
1962,8,1,39
1962,8,3,51
1962,8,4,1040
1962,8,5,159
1962,9,1,160
1962,9,3,14
1962,9,4,6668
1962,9,5,1419
1962,10,1,43
1962,10,3,20
1962,10,4,4940
1962,10,5,1403
1962,11,4,2035
1962,11,5,381
1962,12,1,19
1962,12,3,12
1962,12,4,4015
1962,12,5,870
1962,13,1,6
1962,13,3,45
1962,13,4,6773
1962,13,5,1357
1962,14,3,1
1962,14,4,971
1962,14,5,27
1962,15,4,2176
1962,15,5,171
1962,16,1,3
1962,16,3,1
1962,16,4,359
1962,16,5,107
1962,17,1,42
1962,17,3,32
1962,17,4,6174
1962,17,5,978
1962,18,1,4
1962,18,3,2
1962,18,4,1544
1962,18,5,694
1963,0,1,217
1963,0,3,104
1963,0,4,7693
1963,0,5,2878
1963,1,1,37
1963,1,4,1626
1963,1,5,2664
1963,2,1,59
1963,2,3,10
1963,2,4,5427
1963,2,5,799
1963,3,1,4
1963,3,3,1
1963,3,4,70
1963,3,5,8
1963,4,1,54
1963,4,3,156
1963,4,4,2833
1963,4,5,1756
1963,5,1,150
1963,5,4,1072
1963,5,5,459
1963,6,1,122
1963,6,3,2
1963,6,4,951
1963,6,5,2032
1963,7,1,23
1963,7,3,6
1963,7,4,2438
1963,7,5,853
1963,8,1,39
1963,8,3,50
1963,8,4,1041
1963,8,5,158
1963,9,1,160
1963,9,3,16
1963,9,4,6657
1963,9,5,1426
1963,10,1,43
1963,10,3,16
1963,10,4,4941
1963,10,5,1404
1963,11,4,2030
1963,11,5,392
1963,12,1,19
1963,12,3,12
1963,12,4,4021
1963,12,5,868
1963,13,1,6
1963,13,3,47
1963,13,4,6758
1963,13,5,1364
1963,14,3,1
1963,14,4,970
1963,14,5,27
1963,15,4,2175
1963,15,5,172
1963,16,1,3
1963,16,3,1
1963,16,4,356
1963,16,5,107
1963,17,1,42
1963,17,3,32
1963,17,4,6166
1963,17,5,982
1963,18,1,4
1963,18,3,2
1963,18,4,1554
1963,18,5,686
1964,0,1,217
1964,0,3,102
1964,0,4,7684
1964,0,5,2888
1964,1,1,37
1964,1,4,1609
1964,1,5,2672
1964,2,1,59
1964,2,3,8
1964,2,4,5452
1964,2,5,797
1964,3,1,4
1964,3,3,1
1964,3,4,69
1964,3,5,8
1964,4,1,54
1964,4,3,156
1964,4,4,2818
1964,4,5,1763
1964,5,1,150
1964,5,4,1069
1964,5,5,461
1964,6,1,122
1964,6,3,2
1964,6,4,945
1964,6,5,2034
1964,7,1,23
1964,7,3,5
1964,7,4,2433
1964,7,5,849
1964,8,1,39
1964,8,3,51
1964,8,4,1039
1964,8,5,158
1964,9,1,160
1964,9,3,14
1964,9,4,6615
1964,9,5,1441
1964,10,1,43
1964,10,3,20
1964,10,4,4919
1964,10,5,1407
1964,11,4,2024
1964,11,5,389
1964,12,1,19
1964,12,3,12
1964,12,4,3986
1964,12,5,878
1964,13,1,6
1964,13,3,50
1964,13,4,6745
1964,13,5,1371
1964,14,3,1
1964,14,4,971
1964,14,5,26
1964,15,4,2173
1964,15,5,174
1964,16,1,3
1964,16,3,1
1964,16,4,360
1964,16,5,107
1964,17,1,42
1964,17,3,32
1964,17,4,6169
1964,17,5,976
1964,18,1,4
1964,18,3,2
1964,18,4,1539
1964,18,5,690
1965,0,1,217
1965,0,3,101
1965,0,4,7633
1965,0,5,2914
1965,1,1,37
1965,1,4,1607
1965,1,5,2679
1965,2,1,59
1965,2,3,10
1965,2,4,5411
1965,2,5,801
1965,3,1,4
1965,3,3,1
1965,3,4,69
1965,3,5,8
1965,4,1,54
1965,4,3,161
1965,4,4,2790
1965,4,5,1763
1965,5,1,150
1965,5,4,1076
1965,5,5,454
1965,6,1,122
1965,6,3,2
1965,6,4,938
1965,6,5,2038
1965,7,1,23
1965,7,3,6
1965,7,4,2414
1965,7,5,860
1965,8,1,39
1965,8,3,50
1965,8,4,1046
1965,8,5,157
1965,9,1,160
1965,9,3,16
1965,9,4,6617
1965,9,5,1438
1965,10,1,43
1965,10,3,16
1965,10,4,4936
1965,10,5,1411
1965,11,4,2026
1965,11,5,394
1965,12,1,19
1965,12,3,12
1965,12,4,4020
1965,12,5,874
1965,13,1,6
1965,13,3,49
1965,13,4,6737
1965,13,5,1378
1965,14,3,1
1965,14,4,968
1965,14,5,28
1965,15,4,2168
1965,15,5,178
1965,16,1,3
1965,16,3,1
1965,16,4,359
1965,16,5,105
1965,17,1,42
1965,17,3,34
1965,17,4,6155
1965,17,5,989
1965,18,1,4
1965,18,3,2
1965,18,4,1542
1965,18,5,685
1966,0,1,217
1966,0,3,104
1966,0,4,7617
1966,0,5,2905
1966,1,1,37
1966,1,4,1600
1966,1,5,2671
1966,2,1,59
1966,2,3,8
1966,2,4,5427
1966,2,5,809
1966,3,1,4
1966,3,3,1
1966,3,4,67
1966,3,5,10
1966,4,1,54
1966,4,3,161
1966,4,4,2769
1966,4,5,1772
1966,5,1,150
1966,5,4,1068
1966,5,5,461
1966,6,1,122
1966,6,3,2
1966,6,4,924
1966,6,5,2041
1966,7,1,23
1966,7,3,6
1966,7,4,2414
1966,7,5,862
1966,8,1,39
1966,8,3,51
1966,8,4,1034
1966,8,5,161
1966,9,1,160
1966,9,3,14
1966,9,4,6618
1966,9,5,1423
1966,10,1,43
1966,10,3,20
1966,10,4,4905
1966,10,5,1409
1966,11,4,2020
1966,11,5,395
1966,12,1,19
1966,12,3,12
1966,12,4,3976
1966,12,5,880
1966,13,1,6
1966,13,3,49
1966,13,4,6726
1966,13,5,1382
1966,14,3,1
1966,14,4,969
1966,14,5,28
1966,15,4,2171
1966,15,5,176
1966,16,1,3
1966,16,3,1
1966,16,4,358
1966,16,5,105
1966,17,1,42
1966,17,3,34
1966,17,4,6151
1966,17,5,988
1966,18,1,4
1966,18,3,2
1966,18,4,1552
1966,18,5,683
1967,0,1,217
1967,0,3,103
1967,0,4,7578
1967,0,5,2906
1967,1,1,37
1967,1,4,1579
1967,1,5,2682
1967,2,1,59
1967,2,3,10
1967,2,4,5398
1967,2,5,818
1967,3,1,4
1967,3,3,1
1967,3,4,67
1967,3,5,10
1967,4,1,54
1967,4,3,163
1967,4,4,2765
1967,4,5,1772
1967,5,1,150
1967,5,4,1063
1967,5,5,463
1967,6,1,122
1967,6,3,2
1967,6,4,930
1967,6,5,2040
1967,7,1,23
1967,7,3,6
1967,7,4,2399
1967,7,5,864
1967,8,1,39
1967,8,3,50
1967,8,4,1033
1967,8,5,159
1967,9,1,160
1967,9,3,18
1967,9,4,6593
1967,9,5,1437
1967,10,1,43
1967,10,3,18
1967,10,4,4930
1967,10,5,1408
1967,11,4,2021
1967,11,5,398
1967,12,1,19
1967,12,3,12
1967,12,4,3970
1967,12,5,882
1967,13,1,6
1967,13,3,49
1967,13,4,6725
1967,13,5,1379
1967,14,3,1
1967,14,4,968
1967,14,5,28
1967,15,4,2167
1967,15,5,174
1967,16,1,3
1967,16,3,1
1967,16,4,356
1967,16,5,104
1967,17,1,42
1967,17,3,38
1967,17,4,6154
1967,17,5,983
1967,18,1,4
1967,18,3,2
1967,18,4,1537
1967,18,5,683
1968,0,1,217
1968,0,3,106
1968,0,4,7517
1968,0,5,2938
1968,1,1,37
1968,1,4,1555
1968,1,5,2693
1968,2,1,59
1968,2,3,10
1968,2,4,5419
1968,2,5,811
1968,3,1,4
1968,3,3,1
1968,3,4,67
1968,3,5,10
1968,4,1,54
1968,4,3,164
1968,4,4,2754
1968,4,5,1779
1968,5,1,150
1968,5,4,1060
1968,5,5,467
1968,6,1,122
1968,6,3,2
1968,6,4,926
1968,6,5,2043
1968,7,1,23
1968,7,3,6
1968,7,4,2384
1968,7,5,866
1968,8,1,39
1968,8,3,51
1968,8,4,1034
1968,8,5,156
1968,9,1,160
1968,9,3,20
1968,9,4,6599
1968,9,5,1429
1968,10,1,43
1968,10,3,20
1968,10,4,4905
1968,10,5,1404
1968,11,4,2018
1968,11,5,394
1968,12,1,19
1968,12,3,12
1968,12,4,3929
1968,12,5,892
1968,13,1,6
1968,13,3,50
1968,13,4,6719
1968,13,5,1372
1968,14,3,1
1968,14,4,971
1968,14,5,28
1968,15,4,2166
1968,15,5,180
1968,16,1,3
1968,16,3,1
1968,16,4,357
1968,16,5,108
1968,17,1,42
1968,17,3,37
1968,17,4,6149
1968,17,5,983
1968,18,1,4
1968,18,3,2
1968,18,4,1546
1968,18,5,680
1969,0,1,217
1969,0,3,108
1969,0,4,7518
1969,0,5,2930
1969,1,1,37
1969,1,4,1544
1969,1,5,2697
1969,2,1,59
1969,2,3,10
1969,2,4,5394
1969,2,5,811
1969,3,1,4
1969,3,3,1
1969,3,4,67
1969,3,5,10
1969,4,1,54
1969,4,3,168
1969,4,4,2739
1969,4,5,1784
1969,5,1,150
1969,5,4,1063
1969,5,5,467
1969,6,1,122
1969,6,3,2
1969,6,4,919
1969,6,5,2044
1969,7,1,23
1969,7,3,8
1969,7,4,2377
1969,7,5,873
1969,8,1,39
1969,8,3,50
1969,8,4,1035
1969,8,5,154
1969,9,1,160
1969,9,3,20
1969,9,4,6580
1969,9,5,1440
1969,10,1,43
1969,10,3,23
1969,10,4,4917
1969,10,5,1402
1969,11,4,2014
1969,11,5,397
1969,12,1,19
1969,12,3,12
1969,12,4,3919
1969,12,5,895
1969,13,1,6
1969,13,3,49
1969,13,4,6709
1969,13,5,1375
1969,14,3,1
1969,14,4,968
1969,14,5,28
1969,15,4,2164
1969,15,5,180
1969,16,1,3
1969,16,3,1
1969,16,4,349
1969,16,5,109
1969,17,1,42
1969,17,3,38
1969,17,4,6149
1969,17,5,985
1969,18,1,4
1969,18,3,2
1969,18,4,1545
1969,18,5,677
1970,0,1,217
1970,0,3,108
1970,0,4,7480
1970,0,5,2929
1970,1,1,37
1970,1,4,1541
1970,1,5,2684
1970,2,1,59
1970,2,3,10
1970,2,4,5412
1970,2,5,812
1970,3,1,4
1970,3,3,1
1970,3,4,67
1970,3,5,9
1970,4,1,54
1970,4,3,168
1970,4,4,2727
1970,4,5,1790
1970,5,1,150
1970,5,4,1056
1970,5,5,468
1970,6,1,122
1970,6,3,2
1970,6,4,911
1970,6,5,2042
1970,7,1,23
1970,7,3,8
1970,7,4,2377
1970,7,5,864
1970,8,1,39
1970,8,3,51
1970,8,4,1022
1970,8,5,162
1970,9,1,160
1970,9,3,23
1970,9,4,6576
1970,9,5,1441
1970,10,1,43
1970,10,3,23
1970,10,4,4893
1970,10,5,1396
1970,11,4,2011
1970,11,5,399
1970,12,1,19
1970,12,3,12
1970,12,4,3888
1970,12,5,890
1970,13,1,6
1970,13,3,50
1970,13,4,6700
1970,13,5,1396
1970,14,3,1
1970,14,4,972
1970,14,5,28
1970,15,4,2163
1970,15,5,183
1970,16,1,3
1970,16,3,1
1970,16,4,346
1970,16,5,110
1970,17,1,42
1970,17,3,38
1970,17,4,6143
1970,17,5,989
1970,18,1,4
1970,18,3,2
1970,18,4,1537
1970,18,5,676
1971,0,1,217
1971,0,3,110
1971,0,4,7457
1971,0,5,2930
1971,1,1,37
1971,1,4,1547
1971,1,5,2687
1971,2,1,59
1971,2,3,11
1971,2,4,5382
1971,2,5,818
1971,3,1,4
1971,3,3,1
1971,3,4,65
1971,3,5,10
1971,4,1,54
1971,4,3,173
1971,4,4,2703
1971,4,5,1798
1971,5,1,150
1971,5,4,1055
1971,5,5,467
1971,6,1,122
1971,6,3,2
1971,6,4,904
1971,6,5,2042
1971,7,1,23
1971,7,3,8
1971,7,4,2370
1971,7,5,870
1971,8,1,39
1971,8,3,51
1971,8,4,1009
1971,8,5,166
1971,9,1,160
1971,9,3,23
1971,9,4,6574
1971,9,5,1426
1971,10,1,43
1971,10,3,25
1971,10,4,4902
1971,10,5,1398
1971,11,4,2009
1971,11,5,401
1971,12,1,19
1971,12,3,14
1971,12,4,3885
1971,12,5,896
1971,13,1,6
1971,13,3,52
1971,13,4,6686
1971,13,5,1396
1971,14,3,1
1971,14,4,968
1971,14,5,27
1971,15,4,2154
1971,15,5,190
1971,16,1,3
1971,16,3,1
1971,16,4,348
1971,16,5,107
1971,17,1,42
1971,17,3,39
1971,17,4,6138
1971,17,5,975
1971,18,1,4
1971,18,3,2
1971,18,4,1541
1971,18,5,662
1972,0,1,217
1972,0,3,114
1972,0,4,7451
1972,0,5,2936
1972,1,1,37
1972,1,4,1531
1972,1,5,2694
1972,2,1,59
1972,2,3,10
1972,2,4,5399
1972,2,5,815
1972,3,1,4
1972,3,3,1
1972,3,4,65
1972,3,5,10
1972,4,1,54
1972,4,3,177
1972,4,4,2668
1972,4,5,1809
1972,5,1,150
1972,5,4,1058
1972,5,5,469
1972,6,1,122
1972,6,3,2
1972,6,4,898
1972,6,5,2043
1972,7,1,23
1972,7,3,8
1972,7,4,2355
1972,7,5,858
1972,8,1,39
1972,8,3,52
1972,8,4,1004
1972,8,5,168
1972,9,1,160
1972,9,3,23
1972,9,4,6551
1972,9,5,1442
1972,10,1,43
1972,10,3,24
1972,10,4,4870
1972,10,5,1396
1972,11,4,2008
1972,11,5,397
1972,12,1,19
1972,12,3,14
1972,12,4,3854
1972,12,5,889
1972,13,1,6
1972,13,3,54
1972,13,4,6675
1972,13,5,1403
1972,14,3,1
1972,14,4,969
1972,14,5,26
1972,15,4,2155
1972,15,5,190
1972,16,1,3
1972,16,3,1
1972,16,4,348
1972,16,5,107
1972,17,1,42
1972,17,3,39
1972,17,4,6133
1972,17,5,985
1972,18,1,4
1972,18,3,2
1972,18,4,1538
1972,18,5,664
1973,0,1,217
1973,0,3,113
1973,0,4,7388
1973,0,5,2953
1973,1,1,37
1973,1,4,1514
1973,1,5,2692
1973,2,1,59
1973,2,3,11
1973,2,4,5372
1973,2,5,820
1973,3,1,4
1973,3,3,1
1973,3,4,65
1973,3,5,9
1973,4,1,54
1973,4,3,178
1973,4,4,2684
1973,4,5,1808
1973,5,1,150
1973,5,3,2
1973,5,4,1060
1973,5,5,468
1973,6,1,122
1973,6,3,2
1973,6,4,900
1973,6,5,2047
1973,7,1,23
1973,7,3,8
1973,7,4,2362
1973,7,5,855
1973,8,1,39
1973,8,3,51
1973,8,4,1006
1973,8,5,167
1973,9,1,160
1973,9,3,24
1973,9,4,6524
1973,9,5,1444
1973,10,1,43
1973,10,3,29
1973,10,4,4872
1973,10,5,1405
1973,11,3,1
1973,11,4,1999
1973,11,5,394
1973,12,1,19
1973,12,3,14
1973,12,4,3869
1973,12,5,894
1973,13,1,6
1973,13,3,56
1973,13,4,6666
1973,13,5,1404
1973,14,3,1
1973,14,4,967
1973,14,5,28
1973,15,4,2153
1973,15,5,190
1973,16,1,3
1973,16,3,1
1973,16,4,348
1973,16,5,110
1973,17,1,42
1973,17,3,42
1973,17,4,6127
1973,17,5,984
1973,18,1,4
1973,18,3,2
1973,18,4,1536
1973,18,5,662
1974,0,1,217
1974,0,3,115
1974,0,4,7380
1974,0,5,2959
1974,1,1,37
1974,1,4,1489
1974,1,5,2709
1974,2,1,59
1974,2,3,12
1974,2,4,5387
1974,2,5,823
1974,3,1,4
1974,3,3,1
1974,3,4,65
1974,3,5,10
1974,4,1,54
1974,4,3,178
1974,4,4,2646
1974,4,5,1814
1974,5,1,150
1974,5,3,2
1974,5,4,1048
1974,5,5,472
1974,6,1,122
1974,6,3,2
1974,6,4,887
1974,6,5,2047
1974,7,1,23
1974,7,3,8
1974,7,4,2328
1974,7,5,861
1974,8,1,39
1974,8,3,52
1974,8,4,1005
1974,8,5,162
1974,9,1,160
1974,9,3,24
1974,9,4,6527
1974,9,5,1454
1974,10,1,43
1974,10,3,29
1974,10,4,4840
1974,10,5,1398
1974,11,3,1
1974,11,4,2008
1974,11,5,393
1974,12,1,19
1974,12,3,14
1974,12,4,3824
1974,12,5,900
1974,13,1,6
1974,13,3,56
1974,13,4,6669
1974,13,5,1401
1974,14,3,1
1974,14,4,969
1974,14,5,29
1974,15,4,2150
1974,15,5,194
1974,16,1,3
1974,16,3,1
1974,16,4,344
1974,16,5,111
1974,17,1,42
1974,17,3,44
1974,17,4,6114
1974,17,5,990
1974,18,1,4
1974,18,3,3
1974,18,4,1536
1974,18,5,663
1975,0,1,217
1975,0,3,117
1975,0,4,7361
1975,0,5,2947
1975,1,1,37
1975,1,4,1496
1975,1,5,2697
1975,2,1,59
1975,2,3,13
1975,2,4,5355
1975,2,5,825
1975,3,1,4
1975,3,3,1
1975,3,4,65
1975,3,5,10
1975,4,1,54
1975,4,3,179
1975,4,4,2614
1975,4,5,1831
1975,5,1,150
1975,5,3,2
1975,5,4,1050
1975,5,5,469
1975,6,1,122
1975,6,3,2
1975,6,4,886
1975,6,5,2045
1975,7,1,23
1975,7,3,8
1975,7,4,2332
1975,7,5,864
1975,8,1,39
1975,8,3,53
1975,8,4,1003
1975,8,5,160
1975,9,1,160
1975,9,3,24
1975,9,4,6519
1975,9,5,1453
1975,10,1,43
1975,10,3,34
1975,10,4,4863
1975,10,5,1404
1975,11,3,1
1975,11,4,1998
1975,11,5,395
1975,12,1,19
1975,12,3,14
1975,12,4,3820
1975,12,5,904
1975,13,1,6
1975,13,3,58
1975,13,4,6659
1975,13,5,1408
1975,14,3,1
1975,14,4,967
1975,14,5,29
1975,15,4,2148
1975,15,5,198
1975,16,1,3
1975,16,3,1
1975,16,4,339
1975,16,5,112
1975,17,1,42
1975,17,3,45
1975,17,4,6102
1975,17,5,999
1975,18,1,4
1975,18,3,2
1975,18,4,1545
1975,18,5,665
1976,0,1,217
1976,0,3,118
1976,0,4,7350
1976,0,5,2961
1976,1,1,37
1976,1,4,1481
1976,1,5,2703
1976,2,1,59
1976,2,3,14
1976,2,4,5386
1976,2,5,827
1976,3,1,4
1976,3,3,1
1976,3,4,65
1976,3,5,10
1976,4,1,54
1976,4,3,179
1976,4,4,2641
1976,4,5,1824
1976,5,1,150
1976,5,3,2
1976,5,4,1046
1976,5,5,471
1976,6,1,122
1976,6,3,2
1976,6,4,865
1976,6,5,2052
1976,7,1,23
1976,7,3,8
1976,7,4,2323
1976,7,5,866
1976,8,1,39
1976,8,3,54
1976,8,4,997
1976,8,5,161
1976,9,1,160
1976,9,3,27
1976,9,4,6483
1976,9,5,1468
1976,10,1,43
1976,10,3,32
1976,10,4,4809
1976,10,5,1424
1976,11,3,1
1976,11,4,1993
1976,11,5,397
1976,12,1,19
1976,12,3,14
1976,12,4,3771
1976,12,5,907
1976,13,1,6
1976,13,3,58
1976,13,4,6650
1976,13,5,1414
1976,14,3,1
1976,14,4,970
1976,14,5,26
1976,15,4,2150
1976,15,5,197
1976,16,1,3
1976,16,3,1
1976,16,4,342
1976,16,5,112
1976,17,1,42
1976,17,3,46
1976,17,4,6098
1976,17,5,998
1976,18,1,4
1976,18,3,3
1976,18,4,1525
1976,18,5,679
1977,0,1,217
1977,0,3,121
1977,0,4,7316
1977,0,5,2973
1977,1,1,37
1977,1,4,1480
1977,1,5,2707
1977,2,1,59
1977,2,3,15
1977,2,4,5336
1977,2,5,831
1977,3,1,4
1977,3,3,1
1977,3,4,67
1977,3,5,8
1977,4,1,54
1977,4,3,180
1977,4,4,2616
1977,4,5,1821
1977,5,1,150
1977,5,3,2
1977,5,4,1052
1977,5,5,473
1977,6,1,122
1977,6,3,2
1977,6,4,875
1977,6,5,2050
1977,7,1,23
1977,7,3,8
1977,7,4,2279
1977,7,5,878
1977,8,1,39
1977,8,3,54
1977,8,4,1007
1977,8,5,161
1977,9,1,160
1977,9,3,27
1977,9,4,6484
1977,9,5,1461
1977,10,1,43
1977,10,3,35
1977,10,4,4837
1977,10,5,1420
1977,11,3,1
1977,11,4,1991
1977,11,5,394
1977,12,1,19
1977,12,3,14
1977,12,4,3789
1977,12,5,912
1977,13,1,6
1977,13,3,60
1977,13,4,6637
1977,13,5,1417
1977,14,3,1
1977,14,4,965
1977,14,5,29
1977,15,4,2146
1977,15,5,201
1977,16,1,3
1977,16,3,1
1977,16,4,341
1977,16,5,110
1977,17,1,42
1977,17,3,48
1977,17,4,6088
1977,17,5,1011
1977,18,1,4
1977,18,3,3
1977,18,4,1524
1977,18,5,680
1978,0,1,217
1978,0,3,124
1978,0,4,7278
1978,0,5,2983
1978,1,1,37
1978,1,4,1471
1978,1,5,2709
1978,2,1,59
1978,2,3,17
1978,2,4,5352
1978,2,5,833
1978,3,1,4
1978,3,3,1
1978,3,4,65
1978,3,5,10
1978,4,1,54
1978,4,3,181
1978,4,4,2579
1978,4,5,1838
1978,5,1,150
1978,5,3,2
1978,5,4,1039
1978,5,5,471
1978,6,1,122
1978,6,3,2
1978,6,4,861
1978,6,5,2052
1978,7,1,23
1978,7,3,8
1978,7,4,2272
1978,7,5,876
1978,8,1,39
1978,8,3,58
1978,8,4,994
1978,8,5,165
1978,9,1,160
1978,9,3,27
1978,9,4,6442
1978,9,5,1455
1978,10,1,43
1978,10,3,33
1978,10,4,4771
1978,10,5,1428
1978,11,3,1
1978,11,4,1983
1978,11,5,396
1978,12,1,19
1978,12,3,15
1978,12,4,3726
1978,12,5,917
1978,13,1,6
1978,13,3,60
1978,13,4,6608
1978,13,5,1421
1978,14,3,1
1978,14,4,969
1978,14,5,29
1978,15,3,1
1978,15,4,2147
1978,15,5,199
1978,16,1,3
1978,16,3,1
1978,16,4,337
1978,16,5,109
1978,17,1,42
1978,17,3,49
1978,17,4,6067
1978,17,5,1013
1978,18,1,4
1978,18,3,3
1978,18,4,1514
1978,18,5,674
1979,0,1,217
1979,0,3,126
1979,0,4,7228
1979,0,5,2981
1979,1,1,37
1979,1,4,1433
1979,1,5,2715
1979,2,1,59
1979,2,3,21
1979,2,4,5310
1979,2,5,840
1979,3,1,4
1979,3,3,1
1979,3,4,65
1979,3,5,10
1979,4,1,54
1979,4,3,182
1979,4,4,2554
1979,4,5,1834
1979,5,1,150
1979,5,3,2
1979,5,4,1030
1979,5,5,471
1979,6,1,122
1979,6,3,2
1979,6,4,854
1979,6,5,2051
1979,7,1,23
1979,7,3,8
1979,7,4,2256
1979,7,5,869
1979,8,1,39
1979,8,3,57
1979,8,4,987
1979,8,5,163
1979,9,1,160
1979,9,3,27
1979,9,4,6385
1979,9,5,1463
1979,10,1,43
1979,10,3,35
1979,10,4,4794
1979,10,5,1424
1979,11,3,3
1979,11,4,1972
1979,11,5,398
1979,12,1,19
1979,12,3,15
1979,12,4,3712
1979,12,5,918
1979,13,1,6
1979,13,3,66
1979,13,4,6572
1979,13,5,1426
1979,14,3,1
1979,14,4,966
1979,14,5,29
1979,15,4,2149
1979,15,5,195
1979,16,1,3
1979,16,3,1
1979,16,4,334
1979,16,5,110
1979,17,1,42
1979,17,3,50
1979,17,4,6075
1979,17,5,1007
1979,18,1,4
1979,18,3,3
1979,18,4,1502
1979,18,5,684
1980,0,1,217
1980,0,3,129
1980,0,4,7181
1980,0,5,2992
1980,1,1,37
1980,1,4,1416
1980,1,5,2713
1980,2,1,59
1980,2,3,21
1980,2,4,5322
1980,2,5,838
1980,3,1,4
1980,3,3,1
1980,3,4,65
1980,3,5,10
1980,4,1,54
1980,4,3,184
1980,4,4,2520
1980,4,5,1838
1980,5,1,150
1980,5,3,2
1980,5,4,1013
1980,5,5,477
1980,6,1,122
1980,6,3,2
1980,6,4,835
1980,6,5,2052
1980,7,1,23
1980,7,3,8
1980,7,4,2237
1980,7,5,866
1980,8,1,39
1980,8,3,61
1980,8,4,987
1980,8,5,159
1980,9,1,160
1980,9,3,28
1980,9,4,6361
1980,9,5,1461
1980,10,1,43
1980,10,3,35
1980,10,4,4730
1980,10,5,1434
1980,11,3,3
1980,11,4,1961
1980,11,5,396
1980,12,1,19
1980,12,3,16
1980,12,4,3647
1980,12,5,918
1980,13,1,6
1980,13,3,65
1980,13,4,6546
1980,13,5,1420
1980,14,3,1
1980,14,4,968
1980,14,5,29
1980,15,3,2
1980,15,4,2142
1980,15,5,200
1980,16,1,3
1980,16,3,1
1980,16,4,341
1980,16,5,111
1980,17,1,42
1980,17,3,53
1980,17,4,6050
1980,17,5,1018
1980,18,1,4
1980,18,3,3
1980,18,4,1500
1980,18,5,682
1981,0,1,217
1981,0,3,131
1981,0,4,7168
1981,0,5,2995
1981,1,1,37
1981,1,4,1409
1981,1,5,2717
1981,2,1,59
1981,2,3,21
1981,2,4,5304
1981,2,5,834
1981,3,1,4
1981,3,3,1
1981,3,4,65
1981,3,5,10
1981,4,1,54
1981,4,3,193
1981,4,4,2471
1981,4,5,1832
1981,5,1,150
1981,5,3,2
1981,5,4,993
1981,5,5,479
1981,6,1,122
1981,6,3,2
1981,6,4,817
1981,6,5,2052
1981,7,1,23
1981,7,3,8
1981,7,4,2206
1981,7,5,887
1981,8,1,39
1981,8,3,61
1981,8,4,982
1981,8,5,156
1981,9,1,160
1981,9,3,28
1981,9,4,6282
1981,9,5,1473
1981,10,1,43
1981,10,3,37
1981,10,4,4751
1981,10,5,1434
1981,11,3,3
1981,11,4,1954
1981,11,5,400
1981,12,1,19
1981,12,3,17
1981,12,4,3621
1981,12,5,927
1981,13,1,6
1981,13,3,70
1981,13,4,6525
1981,13,5,1422
1981,14,3,1
1981,14,4,961
1981,14,5,29
1981,15,3,1
1981,15,4,2147
1981,15,5,197
1981,16,1,3
1981,16,3,1
1981,16,4,333
1981,16,5,110
1981,17,1,42
1981,17,3,54
1981,17,4,6046
1981,17,5,1024
1981,18,1,4
1981,18,3,3
1981,18,4,1489
1981,18,5,689
1982,0,1,217
1982,0,3,132
1982,0,4,7085
1982,0,5,2992
1982,1,1,37
1982,1,4,1404
1982,1,5,2710
1982,2,1,59
1982,2,3,21
1982,2,4,5311
1982,2,5,833
1982,3,1,4
1982,3,3,1
1982,3,4,67
1982,3,5,9
1982,4,1,54
1982,4,3,196
1982,4,4,2454
1982,4,5,1825
1982,5,1,150
1982,5,3,4
1982,5,4,989
1982,5,5,475
1982,6,1,122
1982,6,3,2
1982,6,4,817
1982,6,5,2046
1982,7,1,23
1982,7,3,8
1982,7,4,2173
1982,7,5,894
1982,8,1,39
1982,8,3,62
1982,8,4,976
1982,8,5,161
1982,9,1,160
1982,9,3,28
1982,9,4,6243
1982,9,5,1475
1982,10,1,43
1982,10,3,42
1982,10,4,4672
1982,10,5,1435
1982,11,3,3
1982,11,4,1941
1982,11,5,405
1982,12,1,19
1982,12,3,17
1982,12,4,3552
1982,12,5,922
1982,13,1,6
1982,13,3,74
1982,13,4,6503
1982,13,5,1435
1982,14,3,1
1982,14,4,967
1982,14,5,29
1982,15,3,2
1982,15,4,2151
1982,15,5,193
1982,16,1,3
1982,16,3,1
1982,16,4,323
1982,16,5,112
1982,17,1,42
1982,17,3,56
1982,17,4,6047
1982,17,5,1022
1982,18,1,4
1982,18,3,4
1982,18,4,1469
1982,18,5,687
1983,0,1,217
1983,0,3,136
1983,0,4,7057
1983,0,5,2997
1983,1,1,37
1983,1,4,1392
1983,1,5,2716
1983,2,1,59
1983,2,3,26
1983,2,4,5297
1983,2,5,838
1983,3,1,4
1983,3,3,1
1983,3,4,63
1983,3,5,10
1983,4,1,54
1983,4,3,197
1983,4,4,2409
1983,4,5,1836
1983,5,1,150
1983,5,3,4
1983,5,4,980
1983,5,5,470
1983,6,1,122
1983,6,3,2
1983,6,4,784
1983,6,5,2049
1983,7,1,23
1983,7,3,7
1983,7,4,2149
1983,7,5,901
1983,8,1,39
1983,8,3,62
1983,8,4,966
1983,8,5,160
1983,9,1,160
1983,9,3,26
1983,9,4,6134
1983,9,5,1456
1983,10,1,43
1983,10,3,44
1983,10,4,4705
1983,10,5,1433
1983,11,3,3
1983,11,4,1937
1983,11,5,409
1983,12,1,19
1983,12,3,17
1983,12,4,3527
1983,12,5,930
1983,13,1,6
1983,13,3,80
1983,13,4,6489
1983,13,5,1438
1983,14,3,1
1983,14,4,965
1983,14,5,28
1983,15,3,1
1983,15,4,2146
1983,15,5,199
1983,16,1,3
1983,16,3,1
1983,16,4,319
1983,16,5,112
1983,17,1,42
1983,17,3,59
1983,17,4,6047
1983,17,5,1015
1983,18,1,4
1983,18,3,4
1983,18,4,1479
1983,18,5,666
1984,0,1,217
1984,0,3,135
1984,0,4,6985
1984,0,5,2995
1984,1,1,37
1984,1,3,1
1984,1,4,1373
1984,1,5,2721
1984,2,1,59
1984,2,3,26
1984,2,4,5289
1984,2,5,839
1984,3,1,4
1984,3,3,1
1984,3,4,63
1984,3,5,10
1984,4,1,54
1984,4,3,197
1984,4,4,2373
1984,4,5,1825
1984,5,1,150
1984,5,3,4
1984,5,4,935
1984,5,5,466
1984,6,1,122
1984,6,3,4
1984,6,4,774
1984,6,5,2046
1984,7,1,23
1984,7,3,8
1984,7,4,2142
1984,7,5,902
1984,8,1,39
1984,8,3,64
1984,8,4,954
1984,8,5,164
1984,9,1,160
1984,9,3,28
1984,9,4,6077
1984,9,5,1468
1984,10,1,43
1984,10,3,45
1984,10,4,4690
1984,10,5,1440
1984,11,3,3
1984,11,4,1922
1984,11,5,410
1984,12,1,19
1984,12,3,19
1984,12,4,3501
1984,12,5,929
1984,13,1,6
1984,13,3,81
1984,13,4,6465
1984,13,5,1448
1984,14,3,1
1984,14,4,959
1984,14,5,29
1984,15,3,2
1984,15,4,2146
1984,15,5,196
1984,16,1,3
1984,16,3,1
1984,16,4,318
1984,16,5,109
1984,17,1,42
1984,17,3,65
1984,17,4,6035
1984,17,5,1018
1984,18,1,4
1984,18,3,5
1984,18,4,1451
1984,18,5,683
1985,0,1,217
1985,0,3,142
1985,0,4,6945
1985,0,5,2995
1985,1,1,37
1985,1,3,1
1985,1,4,1352
1985,1,5,2718
1985,2,1,59
1985,2,3,26
1985,2,4,5257
1985,2,5,837
1985,3,1,4
1985,3,3,1
1985,3,4,62
1985,3,5,10
1985,4,1,54
1985,4,3,205
1985,4,4,2330
1985,4,5,1840
1985,5,1,150
1985,5,3,4
1985,5,4,923
1985,5,5,469
1985,6,1,122
1985,6,3,4
1985,6,4,763
1985,6,5,2054
1985,7,1,23
1985,7,3,9
1985,7,4,2127
1985,7,5,891
1985,8,1,39
1985,8,3,64
1985,8,4,958
1985,8,5,164
1985,9,1,160
1985,9,3,27
1985,9,4,6033
1985,9,5,1461
1985,10,1,43
1985,10,3,46
1985,10,4,4652
1985,10,5,1436
1985,11,3,3
1985,11,4,1914
1985,11,5,408
1985,12,1,19
1985,12,3,19
1985,12,4,3410
1985,12,5,920
1985,13,1,6
1985,13,3,83
1985,13,4,6463
1985,13,5,1444
1985,14,3,1
1985,14,4,950
1985,14,5,28
1985,15,3,2
1985,15,4,2148
1985,15,5,195
1985,16,1,3
1985,16,3,1
1985,16,4,315
1985,16,5,111
1985,17,1,42
1985,17,3,67
1985,17,4,6042
1985,17,5,1014
1985,18,1,4
1985,18,3,5
1985,18,4,1469
1985,18,5,687
1986,0,1,217
1986,0,3,147
1986,0,4,6864
1986,0,5,2992
1986,1,1,37
1986,1,3,1
1986,1,4,1319
1986,1,5,2725
1986,2,1,59
1986,2,3,30
1986,2,4,5258
1986,2,5,839
1986,3,1,4
1986,3,3,1
1986,3,4,62
1986,3,5,10
1986,4,1,54
1986,4,3,206
1986,4,4,2305
1986,4,5,1829
1986,5,1,150
1986,5,3,4
1986,5,4,939
1986,5,5,474
1986,6,1,122
1986,6,3,4
1986,6,4,746
1986,6,5,2052
1986,7,1,23
1986,7,3,10
1986,7,4,2113
1986,7,5,887
1986,8,1,39
1986,8,3,67
1986,8,4,947
1986,8,5,159
1986,9,1,160
1986,9,3,29
1986,9,4,5962
1986,9,5,1468
1986,10,1,43
1986,10,3,47
1986,10,4,4602
1986,10,5,1413
1986,11,3,4
1986,11,4,1892
1986,11,5,411
1986,12,1,19
1986,12,3,20
1986,12,4,3363
1986,12,5,914
1986,13,1,6
1986,13,3,80
1986,13,4,6441
1986,13,5,1433
1986,14,3,1
1986,14,4,950
1986,14,5,28
1986,15,3,2
1986,15,4,2143
1986,15,5,195
1986,16,1,3
1986,16,3,1
1986,16,4,319
1986,16,5,108
1986,17,1,42
1986,17,3,72
1986,17,4,6032
1986,17,5,1010
1986,18,1,4
1986,18,3,5
1986,18,4,1470
1986,18,5,681
1987,0,1,217
1987,0,3,155
1987,0,4,6863
1987,0,5,2988
1987,1,1,37
1987,1,3,1
1987,1,4,1309
1987,1,5,2723
1987,2,1,59
1987,2,3,30
1987,2,4,5234
1987,2,5,836
1987,3,1,4
1987,3,3,1
1987,3,4,62
1987,3,5,10
1987,4,1,54
1987,4,3,206
1987,4,4,2270
1987,4,5,1834
1987,5,1,150
1987,5,3,4
1987,5,4,893
1987,5,5,468
1987,6,1,122
1987,6,3,4
1987,6,4,734
1987,6,5,2052
1987,7,1,23
1987,7,3,10
1987,7,4,2110
1987,7,5,884
1987,8,1,39
1987,8,3,69
1987,8,4,938
1987,8,5,160
1987,9,1,160
1987,9,3,31
1987,9,4,5867
1987,9,5,1466
1987,10,1,43
1987,10,3,49
1987,10,4,4594
1987,10,5,1404
1987,11,3,4
1987,11,4,1892
1987,11,5,406
1987,12,1,19
1987,12,3,22
1987,12,4,3328
1987,12,5,916
1987,13,1,6
1987,13,3,84
1987,13,4,6409
1987,13,5,1435
1987,14,3,1
1987,14,4,945
1987,14,5,28
1987,15,3,2
1987,15,4,2134
1987,15,5,197
1987,16,1,3
1987,16,3,3
1987,16,4,305
1987,16,5,111
1987,17,1,42
1987,17,3,71
1987,17,4,6009
1987,17,5,1011
1987,18,1,4
1987,18,3,6
1987,18,4,1460
1987,18,5,667
1988,0,1,217
1988,0,3,155
1988,0,4,6777
1988,0,5,2976
1988,1,1,37
1988,1,3,1
1988,1,4,1311
1988,1,5,2716
1988,2,1,59
1988,2,3,32
1988,2,4,5212
1988,2,5,833
1988,3,1,4
1988,3,3,1
1988,3,4,62
1988,3,5,10
1988,4,1,54
1988,4,3,212
1988,4,4,2230
1988,4,5,1830
1988,5,1,150
1988,5,3,6
1988,5,4,884
1988,5,5,470
1988,6,1,122
1988,6,3,4
1988,6,4,722
1988,6,5,2052
1988,7,1,23
1988,7,3,9
1988,7,4,2044
1988,7,5,886
1988,8,1,39
1988,8,3,67
1988,8,4,930
1988,8,5,159
1988,9,1,160
1988,9,3,32
1988,9,4,5812
1988,9,5,1472
1988,10,1,43
1988,10,3,54
1988,10,4,4567
1988,10,5,1423
1988,11,3,4
1988,11,4,1877
1988,11,5,401
1988,12,1,19
1988,12,3,22
1988,12,4,3315
1988,12,5,922
1988,13,1,6
1988,13,3,83
1988,13,4,6379
1988,13,5,1430
1988,14,3,1
1988,14,4,950
1988,14,5,24
1988,15,3,3
1988,15,4,2129
1988,15,5,202
1988,16,1,3
1988,16,3,3
1988,16,4,303
1988,16,5,109
1988,17,1,42
1988,17,3,80
1988,17,4,6000
1988,17,5,1013
1988,18,1,4
1988,18,3,8
1988,18,4,1443
1988,18,5,669
1989,0,1,217
1989,0,3,156
1989,0,4,6720
1989,0,5,2963
1989,1,1,37
1989,1,3,1
1989,1,4,1299
1989,1,5,2711
1989,2,1,59
1989,2,3,32
1989,2,4,5208
1989,2,5,841
1989,3,1,4
1989,3,3,1
1989,3,4,62
1989,3,5,10
1989,4,1,54
1989,4,3,217
1989,4,4,2206
1989,4,5,1819
1989,5,1,150
1989,5,3,6
1989,5,4,901
1989,5,5,478
1989,6,1,122
1989,6,3,4
1989,6,4,712
1989,6,5,2055
1989,7,1,23
1989,7,3,10
1989,7,4,2032
1989,7,5,888
1989,8,1,39
1989,8,3,70
1989,8,4,931
1989,8,5,157
1989,9,1,160
1989,9,3,32
1989,9,4,5789
1989,9,5,1462
1989,10,1,43
1989,10,3,55
1989,10,4,4491
1989,10,5,1417
1989,11,3,4
1989,11,4,1853
1989,11,5,402
1989,12,1,19
1989,12,3,22
1989,12,4,3231
1989,12,5,905
1989,13,1,6
1989,13,3,91
1989,13,4,6364
1989,13,5,1419
1989,14,3,1
1989,14,4,946
1989,14,5,29
1989,15,3,3
1989,15,4,2128
1989,15,5,201
1989,16,1,3
1989,16,3,4
1989,16,4,300
1989,16,5,111
1989,17,1,42
1989,17,3,82
1989,17,4,6007
1989,17,5,1020
1989,18,1,4
1989,18,3,10
1989,18,4,1426
1989,18,5,662
1990,0,1,217
1990,0,3,161
1990,0,4,6612
1990,0,5,2970
1990,1,1,37
1990,1,3,5
1990,1,4,1288
1990,1,5,2704
1990,2,1,59
1990,2,3,32
1990,2,4,5188
1990,2,5,831
1990,3,1,4
1990,3,3,1
1990,3,4,59
1990,3,5,10
1990,4,1,54
1990,4,3,220
1990,4,4,2176
1990,4,5,1821
1990,5,1,150
1990,5,3,6
1990,5,4,879
1990,5,5,469
1990,6,1,122
1990,6,3,5
1990,6,4,700
1990,6,5,2054
1990,7,1,23
1990,7,3,10
1990,7,4,1986
1990,7,5,886
1990,8,1,39
1990,8,3,69
1990,8,4,917
1990,8,5,161
1990,9,1,160
1990,9,3,32
1990,9,4,5725
1990,9,5,1451
1990,10,1,43
1990,10,3,61
1990,10,4,4493
1990,10,5,1407
1990,11,3,4
1990,11,4,1853
1990,11,5,405
1990,12,1,19
1990,12,3,24
1990,12,4,3230
1990,12,5,911
1990,13,1,6
1990,13,3,95
1990,13,4,6344
1990,13,5,1411
1990,14,3,1
1990,14,4,947
1990,14,5,28
1990,15,3,3
1990,15,4,2125
1990,15,5,202
1990,16,1,3
1990,16,3,4
1990,16,4,299
1990,16,5,110
1990,17,1,42
1990,17,3,83
1990,17,4,6006
1990,17,5,1004
1990,18,1,4
1990,18,3,10
1990,18,4,1416
1990,18,5,649
1991,0,1,217
1991,0,3,161
1991,0,4,6547
1991,0,5,2974
1991,1,1,37
1991,1,3,5
1991,1,4,1272
1991,1,5,2700
1991,2,1,59
1991,2,3,35
1991,2,4,5145
1991,2,5,830
1991,3,1,4
1991,3,3,1
1991,3,4,59
1991,3,5,10
1991,4,1,54
1991,4,3,230
1991,4,4,2124
1991,4,5,1801
1991,5,1,150
1991,5,3,6
1991,5,4,865
1991,5,5,473
1991,6,1,122
1991,6,3,5
1991,6,4,691
1991,6,5,2053
1991,7,1,23
1991,7,3,15
1991,7,4,1982
1991,7,5,886
1991,8,1,39
1991,8,3,69
1991,8,4,909
1991,8,5,156
1991,9,1,160
1991,9,3,34
1991,9,4,5678
1991,9,5,1465
1991,10,1,43
1991,10,3,62
1991,10,4,4448
1991,10,5,1385
1991,11,3,4
1991,11,4,1830
1991,11,5,402
1991,12,1,19
1991,12,3,25
1991,12,4,3060
1991,12,5,913
1991,13,1,6
1991,13,3,102
1991,13,4,6307
1991,13,5,1410
1991,14,3,1
1991,14,4,938
1991,14,5,29
1991,15,3,3
1991,15,4,2135
1991,15,5,186
1991,16,1,3
1991,16,3,4
1991,16,4,286
1991,16,5,111
1991,17,1,42
1991,17,3,82
1991,17,4,5997
1991,17,5,980
1991,18,1,4
1991,18,3,10
1991,18,4,1426
1991,18,5,642
1992,0,1,217
1992,0,3,165
1992,0,4,6503
1992,0,5,2977
1992,1,1,37
1992,1,3,5
1992,1,4,1233
1992,1,5,2703
1992,2,1,59
1992,2,3,36
1992,2,4,5171
1992,2,5,833
1992,3,1,4
1992,3,3,1
1992,3,4,57
1992,3,5,10
1992,4,1,54
1992,4,3,236
1992,4,4,2059
1992,4,5,1815
1992,5,1,150
1992,5,3,6
1992,5,4,821
1992,5,5,471
1992,6,1,122
1992,6,3,5
1992,6,4,677
1992,6,5,2052
1992,7,1,23
1992,7,3,17
1992,7,4,1960
1992,7,5,858
1992,8,1,39
1992,8,3,71
1992,8,4,907
1992,8,5,161
1992,9,1,160
1992,9,3,32
1992,9,4,5387
1992,9,5,1452
1992,10,1,43
1992,10,3,62
1992,10,4,4373
1992,10,5,1392
1992,11,3,4
1992,11,4,1812
1992,11,5,397
1992,12,1,19
1992,12,3,26
1992,12,4,3120
1992,12,5,911
1992,13,1,6
1992,13,3,108
1992,13,4,6261
1992,13,5,1420
1992,14,3,1
1992,14,4,939
1992,14,5,27
1992,15,3,4
1992,15,4,2118
1992,15,5,195
1992,16,1,3
1992,16,3,4
1992,16,4,294
1992,16,5,110
1992,17,1,42
1992,17,3,89
1992,17,4,5983
1992,17,5,981
1992,18,1,4
1992,18,3,10
1992,18,4,1418
1992,18,5,632
1993,0,1,217
1993,0,3,169
1993,0,4,6417
1993,0,5,2973
1993,1,1,37
1993,1,3,5
1993,1,4,1224
1993,1,5,2698
1993,2,1,59
1993,2,3,37
1993,2,4,5140
1993,2,5,832
1993,3,1,4
1993,3,3,1
1993,3,4,57
1993,3,5,10
1993,4,1,54
1993,4,3,239
1993,4,4,1994
1993,4,5,1815
1993,5,1,150
1993,5,3,6
1993,5,4,769
1993,5,5,473
1993,6,1,122
1993,6,3,5
1993,6,4,675
1993,6,5,2053
1993,7,1,23
1993,7,3,18
1993,7,4,1891
1993,7,5,854
1993,8,1,39
1993,8,3,69
1993,8,4,855
1993,8,5,162
1993,9,1,160
1993,9,3,37
1993,9,4,5202
1993,9,5,1447
1993,10,1,43
1993,10,3,65
1993,10,4,4357
1993,10,5,1386
1993,11,3,5
1993,11,4,1798
1993,11,5,394
1993,12,1,19
1993,12,3,28
1993,12,4,3077
1993,12,5,913
1993,13,1,6
1993,13,3,118
1993,13,4,6193
1993,13,5,1399
1993,14,3,1
1993,14,4,924
1993,14,5,28
1993,15,3,4
1993,15,4,2101
1993,15,5,197
1993,16,1,3
1993,16,3,4
1993,16,4,277
1993,16,5,110
1993,17,1,42
1993,17,3,93
1993,17,4,5920
1993,17,5,980
1993,18,1,4
1993,18,3,10
1993,18,4,1313
1993,18,5,632
1994,0,1,217
1994,0,3,171
1994,0,4,5937
1994,0,5,2958
1994,1,1,37
1994,1,3,5
1994,1,4,1197
1994,1,5,2690
1994,2,1,59
1994,2,3,41
1994,2,4,4974
1994,2,5,828
1994,3,1,4
1994,3,3,1
1994,3,4,53
1994,3,5,10
1994,4,1,54
1994,4,3,240
1994,4,4,1837
1994,4,5,1804
1994,5,1,150
1994,5,3,6
1994,5,4,637
1994,5,5,468
1994,6,1,122
1994,6,3,5
1994,6,4,662
1994,6,5,2051
1994,7,1,23
1994,7,3,18
1994,7,4,1711
1994,7,5,848
1994,8,1,39
1994,8,3,72
1994,8,4,785
1994,8,5,150
1994,9,1,160
1994,9,3,36
1994,9,4,4267
1994,9,5,1424
1994,10,1,43
1994,10,3,70
1994,10,4,4067
1994,10,5,1379
1994,11,3,6
1994,11,4,1710
1994,11,5,387
1994,12,1,19
1994,12,3,29
1994,12,4,2783
1994,12,5,903
1994,13,1,6
1994,13,3,122
1994,13,4,6041
1994,13,5,1381
1994,14,3,1
1994,14,4,885
1994,14,5,28
1994,15,3,4
1994,15,4,2079
1994,15,5,196
1994,16,1,3
1994,16,3,4
1994,16,4,256
1994,16,5,110
1994,17,1,42
1994,17,3,94
1994,17,4,5779
1994,17,5,977
1994,18,1,4
1994,18,3,11
1994,18,4,1200
1994,18,5,636
1995,0,1,217
1995,0,3,176
1995,0,4,6556
1995,0,5,3128
1995,1,1,37
1995,1,3,5
1995,1,4,1282
1995,1,5,2713
1995,2,1,59
1995,2,3,41
1995,2,4,5141
1995,2,5,841
1995,3,1,4
1995,3,3,1
1995,3,4,59
1995,3,5,12
1995,4,1,54
1995,4,3,243
1995,4,4,2085
1995,4,5,1921
1995,5,1,150
1995,5,3,7
1995,5,4,781
1995,5,5,542
1995,6,1,122
1995,6,3,5
1995,6,4,702
1995,6,5,2125
1995,7,1,23
1995,7,3,18
1995,7,4,2014
1995,7,5,986
1995,8,1,39
1995,8,3,76
1995,8,4,817
1995,8,5,253
1995,9,1,160
1995,9,3,38
1995,9,4,5548
1995,9,5,1567
1995,10,1,43
1995,10,3,75
1995,10,4,4382
1995,10,5,1427
1995,11,3,6
1995,11,4,1846
1995,11,5,416
1995,12,1,19
1995,12,3,29
1995,12,4,3179
1995,12,5,1027
1995,13,1,6
1995,13,3,126
1995,13,4,6280
1995,13,5,1459
1995,14,3,1
1995,14,4,931
1995,14,5,31
1995,15,3,4
1995,15,4,2104
1995,15,5,201
1995,16,1,3
1995,16,3,4
1995,16,4,252
1995,16,5,159
1995,17,1,42
1995,17,3,103
1995,17,4,5882
1995,17,5,1014
1995,18,1,4
1995,18,3,10
1995,18,4,1383
1995,18,5,646
1996,0,1,217
1996,0,3,179
1996,0,4,6543
1996,0,5,3191
1996,1,1,37
1996,1,3,5
1996,1,4,1275
1996,1,5,2739
1996,2,1,59
1996,2,3,44
1996,2,4,5131
1996,2,5,857
1996,3,1,4
1996,3,3,1
1996,3,4,59
1996,3,5,12
1996,4,1,54
1996,4,3,239
1996,4,4,2077
1996,4,5,1962
1996,5,1,150
1996,5,3,7
1996,5,4,825
1996,5,5,536
1996,6,1,122
1996,6,3,5
1996,6,4,698
1996,6,5,2128
1996,7,1,23
1996,7,3,19
1996,7,4,2022
1996,7,5,990
1996,8,1,39
1996,8,3,79
1996,8,4,842
1996,8,5,253
1996,9,1,160
1996,9,3,39
1996,9,4,5547
1996,9,5,1597
1996,10,1,43
1996,10,3,79
1996,10,4,4383
1996,10,5,1415
1996,11,3,6
1996,11,4,1838
1996,11,5,413
1996,12,1,19
1996,12,3,29
1996,12,4,3162
1996,12,5,1060
1996,13,1,6
1996,13,3,128
1996,13,4,6277
1996,13,5,1486
1996,14,3,1
1996,14,4,931
1996,14,5,32
1996,15,3,4
1996,15,4,2101
1996,15,5,210
1996,16,1,3
1996,16,3,4
1996,16,4,250
1996,16,5,160
1996,17,1,42
1996,17,3,107
1996,17,4,5877
1996,17,5,1031
1996,18,1,4
1996,18,3,11
1996,18,4,1398
1996,18,5,655
1997,0,1,217
1997,0,3,188
1997,0,4,6555
1997,0,5,3254
1997,1,1,37
1997,1,3,5
1997,1,4,1285
1997,1,5,2758
1997,2,1,59
1997,2,3,46
1997,2,4,5117
1997,2,5,891
1997,3,1,4
1997,3,3,1
1997,3,4,60
1997,3,5,11
1997,4,1,54
1997,4,3,245
1997,4,4,2066
1997,4,5,2009
1997,5,1,150
1997,5,3,7
1997,5,4,801
1997,5,5,543
1997,6,1,122
1997,6,3,5
1997,6,4,705
1997,6,5,2137
1997,7,1,23
1997,7,3,19
1997,7,4,2016
1997,7,5,1003
1997,8,1,39
1997,8,3,79
1997,8,4,835
1997,8,5,255
1997,9,1,160
1997,9,3,44
1997,9,4,5541
1997,9,5,1618
1997,10,1,43
1997,10,3,79
1997,10,4,4447
1997,10,5,1417
1997,11,3,6
1997,11,4,1861
1997,11,5,422
1997,12,1,19
1997,12,3,37
1997,12,4,3198
1997,12,5,1085
1997,13,1,6
1997,13,3,131
1997,13,4,6289
1997,13,5,1488
1997,14,3,1
1997,14,4,932
1997,14,5,31
1997,15,3,4
1997,15,4,2105
1997,15,5,202
1997,16,1,3
1997,16,3,4
1997,16,4,247
1997,16,5,159
1997,17,1,42
1997,17,3,109
1997,17,4,5888
1997,17,5,1016
1997,18,1,4
1997,18,3,11
1997,18,4,1403
1997,18,5,646
1998,0,1,217
1998,0,3,190
1998,0,4,6559
1998,0,5,3274
1998,1,1,37
1998,1,3,7
1998,1,4,1290
1998,1,5,2763
1998,2,1,59
1998,2,3,49
1998,2,4,5116
1998,2,5,897
1998,3,1,4
1998,3,3,1
1998,3,4,58
1998,3,5,12
1998,4,1,54
1998,4,3,254
1998,4,4,2048
1998,4,5,2039
1998,5,1,150
1998,5,3,9
1998,5,4,764
1998,5,5,543
1998,6,1,122
1998,6,3,6
1998,6,4,688
1998,6,5,2146
1998,7,1,23
1998,7,3,20
1998,7,4,2087
1998,7,5,987
1998,8,1,39
1998,8,3,84
1998,8,4,826
1998,8,5,261
1998,9,1,160
1998,9,3,45
1998,9,4,5544
1998,9,5,1649
1998,10,1,43
1998,10,3,79
1998,10,4,4497
1998,10,5,1404
1998,11,3,8
1998,11,4,1882
1998,11,5,422
1998,12,1,19
1998,12,3,39
1998,12,4,3289
1998,12,5,1088
1998,13,1,6
1998,13,3,132
1998,13,4,6277
1998,13,5,1484
1998,14,3,1
1998,14,4,930
1998,14,5,32
1998,15,3,4
1998,15,4,2101
1998,15,5,206
1998,16,1,3
1998,16,3,4
1998,16,4,248
1998,16,5,161
1998,17,1,42
1998,17,3,111
1998,17,4,5854
1998,17,5,1019
1998,18,1,4
1998,18,3,11
1998,18,4,1404
1998,18,5,646
1999,0,1,217
1999,0,3,194
1999,0,4,6696
1999,0,5,3401
1999,1,1,37
1999,1,3,7
1999,1,4,1289
1999,1,5,2777
1999,2,1,59
1999,2,3,53
1999,2,4,5161
1999,2,5,919
1999,3,1,4
1999,3,3,1
1999,3,4,58
1999,3,5,13
1999,4,1,54
1999,4,3,259
1999,4,4,2089
1999,4,5,2118
1999,5,1,150
1999,5,3,10
1999,5,4,845
1999,5,5,541
1999,6,1,122
1999,6,3,6
1999,6,4,718
1999,6,5,2165
1999,7,1,23
1999,7,3,20
1999,7,4,2141
1999,7,5,978
1999,8,1,39
1999,8,3,87
1999,8,4,846
1999,8,5,263
1999,9,1,160
1999,9,3,47
1999,9,4,5735
1999,9,5,1728
1999,10,1,43
1999,10,3,84
1999,10,4,4624
1999,10,5,1397
1999,11,3,9
1999,11,4,1925
1999,11,5,430
1999,12,1,19
1999,12,3,41
1999,12,4,3447
1999,12,5,1102
1999,13,1,6
1999,13,3,134
1999,13,4,6311
1999,13,5,1484
1999,14,3,2
1999,14,4,947
1999,14,5,32
1999,15,3,4
1999,15,4,2108
1999,15,5,205
1999,16,1,3
1999,16,3,4
1999,16,4,246
1999,16,5,161
1999,17,1,42
1999,17,3,116
1999,17,4,5869
1999,17,5,1004
1999,18,1,4
1999,18,3,11
1999,18,4,1463
1999,18,5,639
2000,0,1,217
2000,0,3,199
2000,0,4,6486
2000,0,5,3404
2000,1,1,37
2000,1,3,11
2000,1,4,1225
2000,1,5,2772
2000,2,1,59
2000,2,3,54
2000,2,4,4987
2000,2,5,922
2000,3,1,4
2000,3,3,1
2000,3,4,58
2000,3,5,13
2000,4,1,54
2000,4,3,260
2000,4,4,1986
2000,4,5,2122
2000,5,1,150
2000,5,3,10
2000,5,4,807
2000,5,5,531
2000,6,1,122
2000,6,3,6
2000,6,4,701
2000,6,5,2158
2000,7,1,23
2000,7,3,24
2000,7,4,2142
2000,7,5,979
2000,8,1,39
2000,8,3,89
2000,8,4,828
2000,8,5,263
2000,9,1,160
2000,9,3,48
2000,9,4,5597
2000,9,5,1750
2000,10,1,43
2000,10,3,84
2000,10,4,4529
2000,10,5,1374
2000,11,3,11
2000,11,4,1919
2000,11,5,428
2000,12,1,19
2000,12,3,47
2000,12,4,3431
2000,12,5,1115
2000,13,1,6
2000,13,3,135
2000,13,4,6172
2000,13,5,1514
2000,14,3,2
2000,14,4,938
2000,14,5,30
2000,15,3,4
2000,15,4,2074
2000,15,5,217
2000,16,1,3
2000,16,3,4
2000,16,4,241
2000,16,5,160
2000,17,1,42
2000,17,3,123
2000,17,4,5766
2000,17,5,1005
2000,18,1,4
2000,18,3,15
2000,18,4,1445
2000,18,5,613
2001,0,1,217
2001,0,3,188
2001,0,4,4871
2001,0,5,3398
2001,1,1,37
2001,1,3,11
2001,1,4,844
2001,1,5,2780
2001,2,1,59
2001,2,3,56
2001,2,4,4473
2001,2,5,935
2001,3,1,4
2001,3,3,1
2001,3,4,43
2001,3,5,13
2001,4,1,54
2001,4,3,262
2001,4,4,1340
2001,4,5,2138
2001,5,1,150
2001,5,3,9
2001,5,4,682
2001,5,5,524
2001,6,1,122
2001,6,3,6
2001,6,4,450
2001,6,5,2174
2001,7,1,23
2001,7,3,20
2001,7,4,1677
2001,7,5,989
2001,8,1,39
2001,8,3,89
2001,8,4,629
2001,8,5,257
2001,9,1,160
2001,9,3,45
2001,9,4,3914
2001,9,5,1777
2001,10,1,43
2001,10,3,79
2001,10,4,3327
2001,10,5,1369
2001,11,3,13
2001,11,4,1262
2001,11,5,433
2001,12,1,19
2001,12,3,43
2001,12,4,3081
2001,12,5,1120
2001,13,1,6
2001,13,3,145
2001,13,4,5021
2001,13,5,1541
2001,14,3,2
2001,14,4,811
2001,14,5,30
2001,15,3,4
2001,15,4,2003
2001,15,5,213
2001,16,1,3
2001,16,3,4
2001,16,4,170
2001,16,5,160
2001,17,1,42
2001,17,3,129
2001,17,4,5139
2001,17,5,1026
2001,18,1,4
2001,18,3,10
2001,18,4,1157
2001,18,5,615
2002,0,1,217
2002,0,3,191
2002,0,4,4856
2002,0,5,3401
2002,1,1,37
2002,1,3,16
2002,1,4,849
2002,1,5,2773
2002,2,1,59
2002,2,3,57
2002,2,4,4478
2002,2,5,931
2002,3,1,4
2002,3,3,1
2002,3,4,41
2002,3,5,13
2002,4,1,54
2002,4,3,263
2002,4,4,1332
2002,4,5,2143
2002,5,1,150
2002,5,3,9
2002,5,4,681
2002,5,5,518
2002,6,1,122
2002,6,3,8
2002,6,4,450
2002,6,5,2174
2002,7,1,23
2002,7,3,20
2002,7,4,1656
2002,7,5,1000
2002,8,1,39
2002,8,3,93
2002,8,4,638
2002,8,5,258
2002,9,1,160
2002,9,3,48
2002,9,4,3841
2002,9,5,1807
2002,10,1,43
2002,10,3,81
2002,10,4,3292
2002,10,5,1375
2002,11,3,14
2002,11,4,1256
2002,11,5,429
2002,12,1,19
2002,12,3,43
2002,12,4,3131
2002,12,5,1120
2002,13,1,6
2002,13,3,150
2002,13,4,5016
2002,13,5,1526
2002,14,3,2
2002,14,4,806
2002,14,5,31
2002,15,3,4
2002,15,4,2010
2002,15,5,212
2002,16,1,3
2002,16,3,4
2002,16,4,182
2002,16,5,159
2002,17,1,42
2002,17,3,135
2002,17,4,5146
2002,17,5,1024
2002,18,1,4
2002,18,3,12
2002,18,4,1156
2002,18,5,616
2003,0,1,217
2003,0,3,190
2003,0,4,3974
2003,0,5,3377
2003,1,1,37
2003,1,3,18
2003,1,4,655
2003,1,5,2729
2003,2,1,59
2003,2,3,57
2003,2,4,3727
2003,2,5,940
2003,3,1,4
2003,3,3,1
2003,3,4,41
2003,3,5,13
2003,4,1,54
2003,4,3,271
2003,4,4,1152
2003,4,5,2143
2003,5,1,150
2003,5,3,11
2003,5,4,564
2003,5,5,514
2003,6,1,122
2003,6,3,8
2003,6,4,373
2003,6,5,2174
2003,7,1,23
2003,7,3,21
2003,7,4,1452
2003,7,5,995
2003,8,1,39
2003,8,3,92
2003,8,4,570
2003,8,5,261
2003,9,1,160
2003,9,3,51
2003,9,4,3456
2003,9,5,1797
2003,10,1,43
2003,10,3,83
2003,10,4,2859
2003,10,5,1346
2003,11,3,13
2003,11,4,1019
2003,11,5,407
2003,12,1,19
2003,12,3,48
2003,12,4,2676
2003,12,5,1119
2003,13,1,6
2003,13,3,150
2003,13,4,4874
2003,13,5,1480
2003,14,3,2
2003,14,4,732
2003,14,5,27
2003,15,3,4
2003,15,4,1981
2003,15,5,211
2003,16,1,3
2003,16,3,4
2003,16,4,142
2003,16,5,157
2003,17,1,42
2003,17,3,142
2003,17,4,4967
2003,17,5,1011
2003,18,1,4
2003,18,3,10
2003,18,4,1030
2003,18,5,602
2004,0,1,217
2004,0,3,206
2004,0,4,4116
2004,0,5,3432
2004,1,1,37
2004,1,3,20
2004,1,4,652
2004,1,5,2749
2004,2,1,59
2004,2,3,58
2004,2,4,3772
2004,2,5,955
2004,3,1,4
2004,3,3,1
2004,3,4,41
2004,3,5,13
2004,4,1,54
2004,4,3,283
2004,4,4,1169
2004,4,5,2159
2004,5,1,150
2004,5,3,11
2004,5,4,594
2004,5,5,517
2004,6,1,122
2004,6,3,11
2004,6,4,372
2004,6,5,2192
2004,7,1,23
2004,7,3,21
2004,7,4,1472
2004,7,5,961
2004,8,1,39
2004,8,3,92
2004,8,4,601
2004,8,5,254
2004,9,1,160
2004,9,3,53
2004,9,4,3563
2004,9,5,1841
2004,10,1,43
2004,10,3,83
2004,10,4,2991
2004,10,5,1366
2004,11,3,14
2004,11,4,1089
2004,11,5,414
2004,12,1,19
2004,12,3,49
2004,12,4,2714
2004,12,5,1110
2004,13,1,6
2004,13,3,149
2004,13,4,5014
2004,13,5,1531
2004,14,3,2
2004,14,4,741
2004,14,5,31
2004,15,3,4
2004,15,4,2014
2004,15,5,211
2004,16,1,3
2004,16,3,4
2004,16,4,152
2004,16,5,156
2004,17,1,42
2004,17,3,140
2004,17,4,5114
2004,17,5,1022
2004,18,1,4
2004,18,3,10
2004,18,4,1086
2004,18,5,609
2005,0,1,217
2005,0,3,220
2005,0,4,4809
2005,0,5,3487
2005,1,1,37
2005,1,3,28
2005,1,4,928
2005,1,5,2795
2005,2,1,59
2005,2,3,58
2005,2,4,4524
2005,2,5,953
2005,3,1,4
2005,3,3,1
2005,3,4,41
2005,3,5,13
2005,4,1,54
2005,4,3,299
2005,4,4,1258
2005,4,5,2175
2005,5,1,150
2005,5,3,11
2005,5,4,619
2005,5,5,517
2005,6,1,122
2005,6,3,12
2005,6,4,380
2005,6,5,2191
2005,7,1,23
2005,7,3,21
2005,7,4,1561
2005,7,5,956
2005,8,1,39
2005,8,3,94
2005,8,4,716
2005,8,5,265
2005,9,1,160
2005,9,3,53
2005,9,4,3694
2005,9,5,1842
2005,10,1,43
2005,10,3,83
2005,10,4,3463
2005,10,5,1384
2005,11,3,14
2005,11,4,1264
2005,11,5,438
2005,12,1,19
2005,12,3,49
2005,12,4,2871
2005,12,5,1127
2005,13,1,6
2005,13,3,150
2005,13,4,5344
2005,13,5,1549
2005,14,3,2
2005,14,4,746
2005,14,5,32
2005,15,3,4
2005,15,4,2040
2005,15,5,210
2005,16,1,3
2005,16,3,4
2005,16,4,179
2005,16,5,159
2005,17,1,42
2005,17,3,140
2005,17,4,5314
2005,17,5,1032
2005,18,1,4
2005,18,3,10
2005,18,4,1195
2005,18,5,601
2006,0,1,217
2006,0,3,225
2006,0,4,4675
2006,0,5,3513
2006,1,1,37
2006,1,3,29
2006,1,4,885
2006,1,5,2803
2006,2,1,59
2006,2,3,62
2006,2,4,4488
2006,2,5,965
2006,3,1,4
2006,3,3,1
2006,3,4,41
2006,3,5,13
2006,4,1,54
2006,4,3,301
2006,4,4,1254
2006,4,5,2171
2006,5,1,150
2006,5,3,16
2006,5,4,603
2006,5,5,505
2006,6,1,122
2006,6,3,12
2006,6,4,370
2006,6,5,2186
2006,7,1,23
2006,7,3,21
2006,7,4,1491
2006,7,5,961
2006,8,1,39
2006,8,3,96
2006,8,4,693
2006,8,5,259
2006,9,1,160
2006,9,3,55
2006,9,4,3613
2006,9,5,1842
2006,10,1,43
2006,10,3,86
2006,10,4,3391
2006,10,5,1386
2006,11,3,15
2006,11,4,1252
2006,11,5,440
2006,12,1,19
2006,12,3,49
2006,12,4,2872
2006,12,5,1139
2006,13,1,6
2006,13,3,150
2006,13,4,5293
2006,13,5,1539
2006,14,3,2
2006,14,4,727
2006,14,5,32
2006,15,3,4
2006,15,4,2028
2006,15,5,207
2006,16,1,3
2006,16,3,4
2006,16,4,177
2006,16,5,159
2006,17,1,42
2006,17,3,143
2006,17,4,5262
2006,17,5,1026
2006,18,1,4
2006,18,3,10
2006,18,4,1162
2006,18,5,605
2007,0,1,217
2007,0,3,228
2007,0,4,4515
2007,0,5,3513
2007,1,1,37
2007,1,3,29
2007,1,4,860
2007,1,5,2790
2007,2,1,59
2007,2,3,64
2007,2,4,4365
2007,2,5,962
2007,3,1,4
2007,3,3,1
2007,3,4,41
2007,3,5,13
2007,4,1,54
2007,4,3,317
2007,4,4,1213
2007,4,5,2168
2007,5,1,150
2007,5,3,16
2007,5,4,583
2007,5,5,487
2007,6,1,122
2007,6,3,13
2007,6,4,366
2007,6,5,2181
2007,7,1,23
2007,7,3,24
2007,7,4,1401
2007,7,5,958
2007,8,1,39
2007,8,3,95
2007,8,4,624
2007,8,5,269
2007,9,1,160
2007,9,3,55
2007,9,4,3550
2007,9,5,1823
2007,10,1,43
2007,10,3,86
2007,10,4,3280
2007,10,5,1381
2007,11,3,15
2007,11,4,1236
2007,11,5,442
2007,12,1,19
2007,12,3,49
2007,12,4,2717
2007,12,5,1127
2007,13,1,6
2007,13,3,157
2007,13,4,5198
2007,13,5,1535
2007,14,3,2
2007,14,4,646
2007,14,5,31
2007,15,3,9
2007,15,4,2019
2007,15,5,200
2007,16,1,3
2007,16,3,4
2007,16,4,172
2007,16,5,160
2007,17,1,42
2007,17,3,148
2007,17,4,5183
2007,17,5,1027
2007,18,1,4
2007,18,3,10
2007,18,4,1126
2007,18,5,603
2008,0,1,217
2008,0,3,231
2008,0,4,4520
2008,0,5,3518
2008,1,1,37
2008,1,3,26
2008,1,4,869
2008,1,5,2786
2008,2,1,59
2008,2,3,64
2008,2,4,4297
2008,2,5,964
2008,3,1,4
2008,3,3,1
2008,3,4,39
2008,3,5,13
2008,4,1,54
2008,4,3,329
2008,4,4,1223
2008,4,5,2167
2008,5,1,150
2008,5,3,22
2008,5,4,573
2008,5,5,475
2008,6,1,122
2008,6,3,14
2008,6,4,371
2008,6,5,2172
2008,7,1,23
2008,7,3,24
2008,7,4,1392
2008,7,5,954
2008,8,1,39
2008,8,3,92
2008,8,4,623
2008,8,5,269
2008,9,1,160
2008,9,3,57
2008,9,4,3562
2008,9,5,1801
2008,10,1,43
2008,10,3,88
2008,10,4,3234
2008,10,5,1387
2008,11,3,18
2008,11,4,1241
2008,11,5,452
2008,12,1,19
2008,12,3,49
2008,12,4,2679
2008,12,5,1123
2008,13,1,6
2008,13,3,159
2008,13,4,5184
2008,13,5,1571
2008,14,3,3
2008,14,4,647
2008,14,5,32
2008,15,3,11
2008,15,4,2014
2008,15,5,197
2008,16,1,3
2008,16,3,4
2008,16,4,170
2008,16,5,161
2008,17,1,42
2008,17,3,145
2008,17,4,5179
2008,17,5,1025
2008,18,1,4
2008,18,3,16
2008,18,4,1109
2008,18,5,599
2009,0,1,217
2009,0,3,233
2009,0,4,4652
2009,0,5,3535
2009,1,1,37
2009,1,3,27
2009,1,4,921
2009,1,5,2803
2009,2,1,59
2009,2,3,67
2009,2,4,4526
2009,2,5,970
2009,3,1,4
2009,3,3,1
2009,3,4,43
2009,3,5,13
2009,4,1,54
2009,4,3,346
2009,4,4,1249
2009,4,5,2180
2009,5,1,150
2009,5,3,21
2009,5,4,594
2009,5,5,484
2009,6,1,122
2009,6,3,16
2009,6,4,377
2009,6,5,2185
2009,7,1,23
2009,7,3,24
2009,7,4,1345
2009,7,5,960
2009,8,1,39
2009,8,3,98
2009,8,4,640
2009,8,5,270
2009,9,1,160
2009,9,3,61
2009,9,4,3645
2009,9,5,1810
2009,10,1,43
2009,10,3,89
2009,10,4,3257
2009,10,5,1386
2009,11,3,18
2009,11,4,1283
2009,11,5,466
2009,12,1,19
2009,12,3,49
2009,12,4,2413
2009,12,5,1130
2009,13,1,6
2009,13,3,160
2009,13,4,5264
2009,13,5,1590
2009,14,3,3
2009,14,4,631
2009,14,5,32
2009,15,3,11
2009,15,4,2029
2009,15,5,192
2009,16,1,3
2009,16,3,4
2009,16,4,180
2009,16,5,159
2009,17,1,42
2009,17,3,151
2009,17,4,5231
2009,17,5,1045
2009,18,1,4
2009,18,3,14
2009,18,4,1133
2009,18,5,605
2010,0,1,217
2010,0,3,238
2010,0,4,4866
2010,0,5,3547
2010,1,1,37
2010,1,3,32
2010,1,4,985
2010,1,5,2810
2010,2,1,59
2010,2,3,67
2010,2,4,4548
2010,2,5,954
2010,3,1,4
2010,3,3,1
2010,3,4,43
2010,3,5,14
2010,4,1,54
2010,4,3,360
2010,4,4,1269
2010,4,5,2177
2010,5,1,150
2010,5,3,21
2010,5,4,602
2010,5,5,485
2010,6,1,122
2010,6,3,18
2010,6,4,387
2010,6,5,2177
2010,7,1,23
2010,7,3,25
2010,7,4,1464
2010,7,5,956
2010,8,1,39
2010,8,3,98
2010,8,4,693
2010,8,5,286
2010,9,1,160
2010,9,3,64
2010,9,4,3763
2010,9,5,1807
2010,10,1,43
2010,10,3,96
2010,10,4,3382
2010,10,5,1395
2010,11,3,18
2010,11,4,1328
2010,11,5,457
2010,12,1,19
2010,12,3,50
2010,12,4,2584
2010,12,5,1115
2010,13,1,6
2010,13,3,160
2010,13,4,5391
2010,13,5,1604
2010,14,3,3
2010,14,4,730
2010,14,5,32
2010,15,3,12
2010,15,4,2034
2010,15,5,205
2010,16,1,3
2010,16,3,4
2010,16,4,192
2010,16,5,156
2010,17,1,42
2010,17,3,150
2010,17,4,5268
2010,17,5,1072
2010,18,1,4
2010,18,3,15
2010,18,4,1169
2010,18,5,608
2011,0,1,217
2011,0,3,239
2011,0,4,4950
2011,0,5,3553
2011,1,1,37
2011,1,3,33
2011,1,4,987
2011,1,5,2782
2011,2,1,59
2011,2,3,68
2011,2,4,4621
2011,2,5,975
2011,3,1,4
2011,3,3,1
2011,3,4,44
2011,3,5,14
2011,4,1,54
2011,4,3,362
2011,4,4,1265
2011,4,5,2174
2011,5,1,150
2011,5,3,21
2011,5,4,601
2011,5,5,482
2011,6,1,122
2011,6,3,16
2011,6,4,373
2011,6,5,2176
2011,7,1,23
2011,7,3,25
2011,7,4,1491
2011,7,5,956
2011,8,1,39
2011,8,3,101
2011,8,4,715
2011,8,5,289
2011,9,1,160
2011,9,3,66
2011,9,4,3783
2011,9,5,1802
2011,10,1,43
2011,10,3,98
2011,10,4,3398
2011,10,5,1409
2011,11,3,18
2011,11,4,1365
2011,11,5,462
2011,12,1,19
2011,12,3,50
2011,12,4,2547
2011,12,5,1117
2011,13,1,6
2011,13,3,164
2011,13,4,5461
2011,13,5,1620
2011,14,3,3
2011,14,4,746
2011,14,5,31
2011,15,3,16
2011,15,4,2049
2011,15,5,192
2011,16,1,3
2011,16,3,4
2011,16,4,197
2011,16,5,158
2011,17,1,42
2011,17,3,157
2011,17,4,5346
2011,17,5,1056
2011,18,1,4
2011,18,3,21
2011,18,4,1193
2011,18,5,604
2012,0,1,217
2012,0,3,243
2012,0,4,5100
2012,0,5,3552
2012,1,1,37
2012,1,3,34
2012,1,4,1008
2012,1,5,2773
2012,2,1,59
2012,2,3,68
2012,2,4,4619
2012,2,5,967
2012,3,1,4
2012,3,3,1
2012,3,4,44
2012,3,5,14
2012,4,1,54
2012,4,3,384
2012,4,4,1281
2012,4,5,2172
2012,5,1,150
2012,5,3,21
2012,5,4,622
2012,5,5,481
2012,6,1,122
2012,6,3,16
2012,6,4,371
2012,6,5,2174
2012,7,1,23
2012,7,3,31
2012,7,4,1538
2012,7,5,953
2012,8,1,39
2012,8,3,101
2012,8,4,734
2012,8,5,289
2012,9,1,160
2012,9,3,66
2012,9,4,3835
2012,9,5,1824
2012,10,1,43
2012,10,3,99
2012,10,4,3469
2012,10,5,1397
2012,11,3,18
2012,11,4,1370
2012,11,5,474
2012,12,1,19
2012,12,3,50
2012,12,4,2509
2012,12,5,1110
2012,13,1,6
2012,13,3,165
2012,13,4,5551
2012,13,5,1629
2012,14,3,3
2012,14,4,795
2012,14,5,32
2012,15,3,20
2012,15,4,2034
2012,15,5,195
2012,16,1,3
2012,16,3,4
2012,16,4,199
2012,16,5,159
2012,17,1,42
2012,17,3,158
2012,17,4,5372
2012,17,5,1059
2012,18,1,4
2012,18,3,19
2012,18,4,1186
2012,18,5,608
2013,0,1,217
2013,0,3,246
2013,0,4,5269
2013,0,5,3554
2013,1,1,37
2013,1,3,34
2013,1,4,1047
2013,1,5,2760
2013,2,1,59
2013,2,3,67
2013,2,4,4681
2013,2,5,963
2013,3,1,4
2013,3,3,1
2013,3,4,44
2013,3,5,14
2013,4,1,54
2013,4,3,393
2013,4,4,1295
2013,4,5,2174
2013,5,1,150
2013,5,3,21
2013,5,4,649
2013,5,5,485
2013,6,1,122
2013,6,3,16
2013,6,4,379
2013,6,5,2177
2013,7,1,23
2013,7,3,38
2013,7,4,1598
2013,7,5,959
2013,8,1,39
2013,8,3,105
2013,8,4,765
2013,8,5,286
2013,9,1,160
2013,9,3,71
2013,9,4,3887
2013,9,5,1827
2013,10,1,43
2013,10,3,101
2013,10,4,3603
2013,10,5,1411
2013,11,3,18
2013,11,4,1390
2013,11,5,483
2013,12,1,19
2013,12,3,50
2013,12,4,2603
2013,12,5,1115
2013,13,1,6
2013,13,3,169
2013,13,4,5508
2013,13,5,1666
2013,14,3,3
2013,14,4,804
2013,14,5,32
2013,15,3,20
2013,15,4,2026
2013,15,5,214
2013,16,1,3
2013,16,3,4
2013,16,4,206
2013,16,5,160
2013,17,1,42
2013,17,3,160
2013,17,4,5363
2013,17,5,1067
2013,18,1,4
2013,18,3,19
2013,18,4,1218
2013,18,5,609
2014,0,1,217
2014,0,3,248
2014,0,4,5372
2014,0,5,3563
2014,1,1,37
2014,1,3,39
2014,1,4,1068
2014,1,5,2777
2014,2,1,59
2014,2,3,68
2014,2,4,4787
2014,2,5,960
2014,3,1,4
2014,3,3,1
2014,3,4,42
2014,3,5,14
2014,4,1,54
2014,4,3,395
2014,4,4,1304
2014,4,5,2177
2014,5,1,150
2014,5,3,21
2014,5,4,642
2014,5,5,485
2014,6,1,122
2014,6,3,16
2014,6,4,384
2014,6,5,2184
2014,7,1,23
2014,7,3,38
2014,7,4,1614
2014,7,5,959
2014,8,1,39
2014,8,3,110
2014,8,4,753
2014,8,5,295
2014,9,1,160
2014,9,3,75
2014,9,4,3892
2014,9,5,1897
2014,10,1,43
2014,10,3,106
2014,10,4,3676
2014,10,5,1421
2014,11,3,21
2014,11,4,1443
2014,11,5,503
2014,12,1,19
2014,12,3,54
2014,12,4,2703
2014,12,5,1130
2014,13,1,6
2014,13,3,171
2014,13,4,5760
2014,13,5,1812
2014,14,3,3
2014,14,4,805
2014,14,5,32
2014,15,3,20
2014,15,4,2051
2014,15,5,222
2014,16,1,3
2014,16,3,4
2014,16,4,207
2014,16,5,161
2014,17,1,42
2014,17,3,163
2014,17,4,5438
2014,17,5,1161
2014,18,1,4
2014,18,3,20
2014,18,4,1239
2014,18,5,632
2015,0,1,217
2015,0,3,253
2015,0,4,5338
2015,0,5,3568
2015,1,1,37
2015,1,3,41
2015,1,4,1083
2015,1,5,2776
2015,2,1,59
2015,2,3,78
2015,2,4,4722
2015,2,5,974
2015,3,1,4
2015,3,3,1
2015,3,4,43
2015,3,5,14
2015,4,1,54
2015,4,3,400
2015,4,4,1335
2015,4,5,2173
2015,5,1,150
2015,5,3,21
2015,5,4,695
2015,5,5,483
2015,6,1,122
2015,6,3,16
2015,6,4,421
2015,6,5,2184
2015,7,1,23
2015,7,3,38
2015,7,4,1737
2015,7,5,952
2015,8,1,39
2015,8,3,111
2015,8,4,733
2015,8,5,301
2015,9,1,160
2015,9,3,77
2015,9,4,3945
2015,9,5,1904
2015,10,1,43
2015,10,3,115
2015,10,4,3849
2015,10,5,1432
2015,11,3,21
2015,11,4,1463
2015,11,5,507
2015,12,1,19
2015,12,3,54
2015,12,4,3182
2015,12,5,1130
2015,13,1,6
2015,13,3,180
2015,13,4,5695
2015,13,5,1846
2015,14,3,3
2015,14,4,805
2015,14,5,32
2015,15,3,23
2015,15,4,2044
2015,15,5,225
2015,16,1,3
2015,16,3,4
2015,16,4,203
2015,16,5,161
2015,17,1,42
2015,17,3,170
2015,17,4,5363
2015,17,5,1176
2015,18,1,4
2015,18,3,25
2015,18,4,1242
2015,18,5,632
2016,0,1,217
2016,0,3,258
2016,0,4,5265
2016,0,5,3591
2016,1,1,37
2016,1,3,41
2016,1,4,1107
2016,1,5,2773
2016,2,1,59
2016,2,3,85
2016,2,4,4664
2016,2,5,987
2016,3,1,4
2016,3,3,1
2016,3,4,42
2016,3,5,14
2016,4,1,54
2016,4,3,405
2016,4,4,1300
2016,4,5,2182
2016,5,1,150
2016,5,3,21
2016,5,4,692
2016,5,5,491
2016,6,1,122
2016,6,3,18
2016,6,4,413
2016,6,5,2184
2016,7,1,23
2016,7,3,40
2016,7,4,1683
2016,7,5,980
2016,8,1,39
2016,8,3,111
2016,8,4,709
2016,8,5,303
2016,9,1,160
2016,9,3,76
2016,9,4,3846
2016,9,5,1932
2016,10,1,43
2016,10,3,115
2016,10,4,3775
2016,10,5,1447
2016,11,3,22
2016,11,4,1383
2016,11,5,512
2016,12,1,19
2016,12,3,54
2016,12,4,3077
2016,12,5,1167
2016,13,1,6
2016,13,3,189
2016,13,4,5666
2016,13,5,1875
2016,14,3,3
2016,14,4,769
2016,14,5,30
2016,15,3,23
2016,15,4,2038
2016,15,5,231
2016,16,1,3
2016,16,3,4
2016,16,4,196
2016,16,5,161
2016,17,1,42
2016,17,3,171
2016,17,4,5316
2016,17,5,1190
2016,18,1,4
2016,18,3,29
2016,18,4,1214
2016,18,5,635
2017,0,1,217
2017,0,3,262
2017,0,4,5203
2017,0,5,3593
2017,1,1,37
2017,1,3,41
2017,1,4,1129
2017,1,5,2777
2017,2,1,59
2017,2,3,87
2017,2,4,4619
2017,2,5,993
2017,3,1,4
2017,3,3,1
2017,3,4,42
2017,3,5,14
2017,4,1,54
2017,4,3,405
2017,4,4,1293
2017,4,5,2182
2017,5,1,150
2017,5,3,19
2017,5,4,691
2017,5,5,490
2017,6,1,122
2017,6,3,20
2017,6,4,421
2017,6,5,2177
2017,7,1,23
2017,7,3,41
2017,7,4,1650
2017,7,5,975
2017,8,1,39
2017,8,3,109
2017,8,4,672
2017,8,5,308
2017,9,1,160
2017,9,3,85
2017,9,4,3794
2017,9,5,1944
2017,10,1,43
2017,10,3,116
2017,10,4,3775
2017,10,5,1456
2017,11,3,22
2017,11,4,1371
2017,11,5,515
2017,12,1,19
2017,12,3,54
2017,12,4,3049
2017,12,5,1164
2017,13,1,6
2017,13,3,194
2017,13,4,5630
2017,13,5,1893
2017,14,3,3
2017,14,4,729
2017,14,5,30
2017,15,3,25
2017,15,4,2044
2017,15,5,237
2017,16,1,3
2017,16,3,4
2017,16,4,190
2017,16,5,161
2017,17,1,42
2017,17,3,177
2017,17,4,5275
2017,17,5,1215
2017,18,1,4
2017,18,3,37
2017,18,4,1237
2017,18,5,637
2018,0,1,217
2018,0,3,262
2018,0,4,5185
2018,0,5,3571
2018,1,1,37
2018,1,3,42
2018,1,4,1144
2018,1,5,2765
2018,2,1,59
2018,2,3,88
2018,2,4,4600
2018,2,5,976
2018,3,1,4
2018,3,3,1
2018,3,4,42
2018,3,5,14
2018,4,1,54
2018,4,3,412
2018,4,4,1297
2018,4,5,2185
2018,5,1,150
2018,5,3,19
2018,5,4,730
2018,5,5,489
2018,6,1,122
2018,6,3,21
2018,6,4,431
2018,6,5,2173
2018,7,1,23
2018,7,3,42
2018,7,4,1634
2018,7,5,982
2018,8,1,39
2018,8,3,103
2018,8,4,660
2018,8,5,302
2018,9,1,160
2018,9,3,89
2018,9,4,3835
2018,9,5,1932
2018,10,1,43
2018,10,3,118
2018,10,4,3800
2018,10,5,1457
2018,11,3,25
2018,11,4,1365
2018,11,5,508
2018,12,1,19
2018,12,3,53
2018,12,4,3087
2018,12,5,1169
2018,13,1,6
2018,13,3,193
2018,13,4,5651
2018,13,5,1881
2018,14,3,1
2018,14,4,722
2018,14,5,33
2018,15,3,21
2018,15,4,2042
2018,15,5,239
2018,16,1,3
2018,16,4,194
2018,16,5,161
2018,17,1,42
2018,17,3,176
2018,17,4,5280
2018,17,5,1209
2018,18,1,4
2018,18,3,37
2018,18,4,1257
2018,18,5,636
2019,0,1,217
2019,0,3,266
2019,0,4,5236
2019,0,5,3569
2019,1,1,37
2019,1,3,42
2019,1,4,1150
2019,1,5,2761
2019,2,1,59
2019,2,3,90
2019,2,4,4583
2019,2,5,972
2019,3,1,4
2019,3,3,1
2019,3,4,42
2019,3,5,14
2019,4,1,54
2019,4,3,425
2019,4,4,1280
2019,4,5,2172
2019,5,1,150
2019,5,3,19
2019,5,4,720
2019,5,5,496
2019,6,1,122
2019,6,3,21
2019,6,4,426
2019,6,5,2173
2019,7,1,23
2019,7,3,42
2019,7,4,1729
2019,7,5,981
2019,8,1,39
2019,8,3,102
2019,8,4,751
2019,8,5,309
2019,9,1,160
2019,9,3,90
2019,9,4,3759
2019,9,5,1954
2019,10,1,43
2019,10,3,121
2019,10,4,3880
2019,10,5,1454
2019,11,3,27
2019,11,4,1355
2019,11,5,511
2019,12,1,19
2019,12,3,53
2019,12,4,3063
2019,12,5,1175
2019,13,1,6
2019,13,3,187
2019,13,4,5754
2019,13,5,1864
2019,14,3,1
2019,14,4,745
2019,14,5,33
2019,15,3,11
2019,15,4,2055
2019,15,5,242
2019,16,1,3
2019,16,4,240
2019,16,5,161
2019,17,1,42
2019,17,3,163
2019,17,4,5341
2019,17,5,1208
2019,18,1,4
2019,18,3,41
2019,18,4,1245
2019,18,5,635
2020,0,1,217
2020,0,3,267
2020,0,4,5252
2020,0,5,3547
2020,1,1,37
2020,1,3,44
2020,1,4,1181
2020,1,5,2740
2020,2,1,59
2020,2,3,88
2020,2,4,4494
2020,2,5,968
2020,3,1,4
2020,3,3,1
2020,3,4,40
2020,3,5,14
2020,4,1,54
2020,4,3,436
2020,4,4,1274
2020,4,5,2159
2020,5,1,150
2020,5,3,24
2020,5,4,673
2020,5,5,494
2020,6,1,122
2020,6,3,21
2020,6,4,421
2020,6,5,2166
2020,7,1,23
2020,7,3,43
2020,7,4,1734
2020,7,5,979
2020,8,1,39
2020,8,3,102
2020,8,4,770
2020,8,5,306
2020,9,1,160
2020,9,3,96
2020,9,4,3463
2020,9,5,1946
2020,10,1,43
2020,10,3,122
2020,10,4,3804
2020,10,5,1451
2020,11,3,27
2020,11,4,1305
2020,11,5,513
2020,12,1,19
2020,12,3,56
2020,12,4,3052
2020,12,5,1184
2020,13,1,6
2020,13,3,182
2020,13,4,5783
2020,13,5,1854
2020,14,3,1
2020,14,4,724
2020,14,5,33
2020,15,3,10
2020,15,4,2043
2020,15,5,248
2020,16,1,3
2020,16,4,245
2020,16,5,160
2020,17,1,42
2020,17,3,157
2020,17,4,5336
2020,17,5,1207
2020,18,1,4
2020,18,3,42
2020,18,4,1263
2020,18,5,632
